#
# A fatal error has been detected by the Java Runtime Environment:
#
#  SIGSEGV (0xb) at pc=0x00007f46feb55c6b, pid=13763, tid=13798
#
# JRE version: OpenJDK Runtime Environment (21.0.11+10) (build 21.0.11+10-1-deb13u2-Debian)
# Java VM: OpenJDK 64-Bit Server VM (21.0.11+10-1-deb13u2-Debian, mixed mode, sharing, tiered, compressed oops, compressed class ptrs, g1 gc, linux-amd64)
# Problematic frame:
# C  [libX11.so.6+0x3ec6b]  _XUnregisterFilter+0x2b
#
# No core dump will be written. Core dumps have been disabled. To enable core dumping, try "ulimit -c unlimited" before starting Java again
#
# If you would like to submit a bug report, please visit:
#   https://bugs.debian.org/openjdk-21
# The crash happened outside the Java Virtual Machine in native code.
# See problematic frame for where to report the bug.
#

---------------  S U M M A R Y ------------

Command Line: -XX:+ShowCodeDetailsInExceptionMessages org.nyawka_engine.core.Example

Host: AMD Ryzen 5 5500, 12 cores, 15G, Debian GNU/Linux 13 (trixie)
Time: Thu Jul 30 15:28:02 2026 +05 elapsed time: 0.319755 seconds (0d 0h 0m 0s)

---------------  T H R E A D  ---------------

Current thread (0x00007f477483f0b0):  JavaThread "Thread-2"         [_thread_in_native, id=13798, stack(0x00007f46b42f9000,0x00007f46b43f9000) (1024K)]

Stack: [0x00007f46b42f9000,0x00007f46b43f9000],  sp=0x00007f46b43f58a0,  free space=1010k
Native frames: (J=compiled Java code, j=interpreted, Vv=VM code, C=native code)
C  [libX11.so.6+0x3ec6b]  _XUnregisterFilter+0x2b
Java frames: (J=compiled Java code, j=interpreted, Vv=VM code)
j  org.lwjgl.system.JNI.invokePPPP(IIJJJJ)J+0
j  org.lwjgl.glfw.GLFW.nglfwCreateWindow(IIJJJ)J+14
j  org.lwjgl.glfw.GLFW.glfwCreateWindow(IILjava/lang/CharSequence;JJ)J+34
j  org.nyawka_engine.core.GLThreshold.bindContext(J)J+14
j  org.nyawka_engine.core.BindContextCommand.execute(Lorg/nyawka_engine/core/RegisteredThread;)V+5
j  org.nyawka_engine.core.RegisteredGLCompiler.lambda$0(Lorg/nyawka_engine/core/GLThreadRegistry;Ljava/lang/Runnable;)V+78
j  org.nyawka_engine.core.RegisteredGLCompiler$$Lambda+0x00007f4700013848.run()V+12
j  java.lang.Thread.runWith(Ljava/lang/Object;Ljava/lang/Runnable;)V+5 java.base@21.0.11
j  java.lang.Thread.run()V+19 java.base@21.0.11
v  ~StubRoutines::call_stub 0x00007f4763d37cc6

siginfo: si_signo: 11 (SIGSEGV), si_code: 1 (SEGV_MAPERR), si_addr: 0x00007f41ac65bfeb

Registers:
RAX=0x00007f47742d5080, RBX=0x00007f4658003f10, RCX=0x00007f467c018500, RDX=0x00007f46feb7c070
RSP=0x00007f46b43f58a0, RBP=0x00007f46feb7c070, RSI=0x0000000000000000, RDI=0x00007f41ac65bfe3
R8 =0x0000000000000040, R9 =0x0000000000000000, R10=0x0000000000000000, R11=0x0000000000000002
R12=0x00007f467c018500, R13=0x0000000000000002, R14=0x00007f46b43f5c18, R15=0x00000000000000f9
RIP=0x00007f46feb55c6b, EFLAGS=0x0000000000010202, CSGSFS=0x002b000000000033, ERR=0x0000000000000004
  TRAPNO=0x000000000000000e

XMM[0]=0x0000000000000000 0x0000000000000000
XMM[1]=0x000000000000010e 0x00007f46febc42a0
XMM[2]=0x00000000ffffffff 0xffffffffffffffff
XMM[3]=0x0000000000000110 0x00007f46febc42c9
XMM[4]=0x0000000000000111 0x00007f46febc42dd
XMM[5]=0x0000000000000113 0x00007f46febc432c
XMM[6]=0x0000000000000116 0x00007f46febc4319
XMM[7]=0x0000000000000115 0x00007f46febc4306
XMM[8]=0x0000000000000114 0x00007f46febc42f2
XMM[9]=0x0000000000000000 0xf6273987a9a530d3
XMM[10]=0x0000000000000000 0x00000000b37df74c
XMM[11]=0x0000000000000000 0x529db758fc42e82b
XMM[12]=0x0000000000000000 0x00000000a9a530d3
XMM[13]=0x0000000000000000 0x00007f46c95dc120
XMM[14]=0x0000000000000000 0x00007f46c95dc320
XMM[15]=0x0000000000000000 0x0000000000000000
  MXCSR=0x00001fa2


Register to memory mapping:

RAX=0x00007f47742d5080 points into unknown readable memory: 0x00007f46fec5c5c0 | c0 c5 c5 fe 46 7f 00 00
RBX=0x00007f4658003f10 points into unknown readable memory: 0x00007f467c018430 | 30 84 01 7c 46 7f 00 00
RCX=0x00007f467c018500 points into unknown readable memory: 0x00007f46fec5c560 | 60 c5 c5 fe 46 7f 00 00
RDX=0x00007f46feb7c070: <offset 0x0000000000065070> in /lib/x86_64-linux-gnu/libX11.so.6 at 0x00007f46feb17000
RSP=0x00007f46b43f58a0 is pointing into the stack for thread: 0x00007f477483f0b0
RBP=0x00007f46feb7c070: <offset 0x0000000000065070> in /lib/x86_64-linux-gnu/libX11.so.6 at 0x00007f46feb17000
RSI=0x0 is null
RDI=0x00007f41ac65bfe3 is an unknown value
R8 =0x0000000000000040 is an unknown value
R9 =0x0 is null
R10=0x0 is null
R11=0x0000000000000002 is an unknown value
R12=0x00007f467c018500 points into unknown readable memory: 0x00007f46fec5c560 | 60 c5 c5 fe 46 7f 00 00
R13=0x0000000000000002 is an unknown value
R14=0x00007f46b43f5c18 is pointing into the stack for thread: 0x00007f477483f0b0
R15=0x00000000000000f9 is an unknown value

Top of Stack: (sp=0x00007f46b43f58a0)
0x00007f46b43f58a0:   000001ff00000012 0000000005400020   ........ .@.....
0x00007f46b43f58b0:   00007f46feb7c070 00007f467c018500   p...F......|F...
0x00007f46b43f58c0:   00007f467c018500 00007f46feb7c2b7   ...|F.......F...
0x00007f46b43f58d0:   0000000000000002 00007f467c0187b0   ...........|F...
0x00007f46b43f58e0:   00007f467c018490 00007f46feb8c271   ...|F...q...F...
0x00007f46b43f58f0:   00007f467c018770 0000001279b2efb1   p..|F......y....
0x00007f46b43f5900:   0000000000000000 00007f46b43f5a20   ........ Z?.F...
0x00007f46b43f5910:   00007f46b43f5a14 0000010200000101   .Z?.F...........
0x00007f46b43f5920:   0000000000000000 00007f46b43f5a18   .........Z?.F...
0x00007f46b43f5930:   00007f46f4591438 00007f477a9c40bc   8.Y.F....@.zG...
0x00007f46b43f5940:   001f001e00000000 00007f477a9c40bc   .........@.zG...
0x00007f46b43f5950:   0000000000000000 00007f467c0189c0   ...........|F...
0x00007f46b43f5960:   00007f46f4591438 a7db9cd77fa2a800   8.Y.F...........
0x00007f46b43f5970:   00007f467c000030 0000000000000008   0..|F...........
0x00007f46b43f5980:   00007f46b43f5c00 00007f467c018470   .\?.F...p..|F...
0x00007f46b43f5990:   0000000000000000 00007f46b43f5c00   .........\?.F...
0x00007f46b43f59a0:   00007f467c018500 00007f46feb7db5b   ...|F...[...F...
0x00007f46b43f59b0:   00000000000007e8 00007f46b43f5a14   .........Z?.F...
0x00007f46b43f59c0:   00007f46b43f5a20 0000000000000000    Z?.F...........
0x00007f46b43f59d0:   0000000000000002 00007f46feb7dace   ............F...
0x00007f46b43f59e0:   00007f46b43f5a60 00007f46b43f5a20   `Z?.F... Z?.F...
0x00007f46b43f59f0:   00007f46b43f5a14 00007f46b43f5a18   .Z?.F....Z?.F...
0x00007f46b43f5a00:   0000000000000000 00007f47742d5080   .........P-tG...
0x00007f46b43f5a10:   0000001001a05ab8 00007f467c018470   .Z......p..|F...
0x00007f46b43f5a20:   0000000000000408 0000000005400020   ........ .@.....
0x00007f46b43f5a30:   0000000000000000 0000000000000000   ................
0x00007f46b43f5a40:   0000000000000000 0000000000000000   ................
0x00007f46b43f5a50:   0000000000000000 0000000000000000   ................
0x00007f46b43f5a60:   0000000000000000 0000000000000000   ................
0x00007f46b43f5a70:   0000000000000000 0000000000000000   ................
0x00007f46b43f5a80:   0000000000000000 0000000000000000   ................
0x00007f46b43f5a90:   0000000000000000 0000000000000000   ................

Instructions: (pc=0x00007f46feb55c6b)
0x00007f46feb55b6b:   41 5f ff e0 90 48 83 c4 08 5b 5d 41 5c 41 5d 41
0x00007f46feb55b7b:   5e 41 5f c3 90 f3 0f 1e fa 41 57 49 89 f7 41 56
0x00007f46feb55b8b:   41 89 d6 41 55 41 89 cd 41 54 4d 89 c4 55 48 89
0x00007f46feb55b9b:   fd bf 30 00 00 00 53 48 83 ec 18 4c 89 4c 24 08
0x00007f46feb55bab:   e8 40 ed fd ff 48 85 c0 74 7b 4c 89 78 08 48 89
0x00007f46feb55bbb:   c3 48 c7 40 10 00 00 00 00 44 89 70 18 44 89 68
0x00007f46feb55bcb:   1c 4c 89 60 20 48 8b 44 24 08 48 89 43 28 48 8b
0x00007f46feb55bdb:   85 68 09 00 00 48 85 c0 74 05 48 89 ef ff 10 48
0x00007f46feb55beb:   8b 85 c0 09 00 00 48 8d 15 88 fe ff ff 48 89 9d
0x00007f46feb55bfb:   c0 09 00 00 48 89 03 48 8b 45 08 48 89 50 38 48
0x00007f46feb55c0b:   8b 85 68 09 00 00 48 85 c0 74 1a 48 8b 40 08 48
0x00007f46feb55c1b:   83 c4 18 48 89 ef 5b 5d 41 5c 41 5d 41 5e 41 5f
0x00007f46feb55c2b:   ff e0 0f 1f 00 48 83 c4 18 5b 5d 41 5c 41 5d 41
0x00007f46feb55c3b:   5e 41 5f c3 90 f3 0f 1e fa 53 48 8d 9f c0 09 00
0x00007f46feb55c4b:   00 48 83 ec 20 48 8b bf c0 09 00 00 48 85 ff 75
0x00007f46feb55c5b:   0f eb 50 66 90 48 89 fb 48 8b 3b 48 85 ff 74 43
0x00007f46feb55c6b:   48 39 77 08 75 ef 48 39 57 20 75 e9 48 39 4f 28
0x00007f46feb55c7b:   75 e3 48 8b 07 48 89 4c 24 18 48 89 54 24 10 48
0x00007f46feb55c8b:   89 03 48 89 74 24 08 e8 19 d5 fd ff 48 8b 3b 48
0x00007f46feb55c9b:   8b 74 24 08 48 8b 54 24 10 48 8b 4c 24 18 48 85
0x00007f46feb55cab:   ff 75 bd 48 83 c4 20 5b c3 66 2e 0f 1f 84 00 00
0x00007f46feb55cbb:   00 00 00 66 90 f3 0f 1e fa 41 56 49 89 f6 41 55
0x00007f46feb55ccb:   49 89 d5 41 54 41 89 cc 55 44 89 c5 53 48 8b 87
0x00007f46feb55cdb:   68 09 00 00 48 89 fb 48 85 c0 74 02 ff 10 ba 10
0x00007f46feb55ceb:   00 00 00 be 07 00 00 00 48 89 df e8 e5 ea fd ff
0x00007f46feb55cfb:   44 89 70 04 44 89 68 08 66 44 89 60 0c 66 89 68
0x00007f46feb55d0b:   0e 48 8b 83 68 09 00 00 48 85 c0 74 06 48 89 df
0x00007f46feb55d1b:   ff 50 08 48 8b 83 d0 00 00 00 48 85 c0 74 05 48
0x00007f46feb55d2b:   89 df ff d0 5b b8 01 00 00 00 5d 41 5c 41 5d 41
0x00007f46feb55d3b:   5e c3 0f 1f 00 f3 0f 1e fa 41 55 49 89 f5 41 54
0x00007f46feb55d4b:   41 89 d4 55 48 89 fd 53 48 83 ec 08 48 8b 87 68
0x00007f46feb55d5b:   09 00 00 48 85 c0 0f 84 89 00 00 00 ff 10 49 8d


Stack slot to memory mapping:

stack at sp + 0 slots: 0x000001ff00000012 is an unknown value
stack at sp + 1 slots: 0x0000000005400020 is an unknown value
stack at sp + 2 slots: 0x00007f46feb7c070: <offset 0x0000000000065070> in /lib/x86_64-linux-gnu/libX11.so.6 at 0x00007f46feb17000
stack at sp + 3 slots: 0x00007f467c018500 points into unknown readable memory: 0x00007f46fec5c560 | 60 c5 c5 fe 46 7f 00 00
stack at sp + 4 slots: 0x00007f467c018500 points into unknown readable memory: 0x00007f46fec5c560 | 60 c5 c5 fe 46 7f 00 00
stack at sp + 5 slots: 0x00007f46feb7c2b7: _XimUnregisterFilter+0x00000000000000a7 in /lib/x86_64-linux-gnu/libX11.so.6 at 0x00007f46feb17000
stack at sp + 6 slots: 0x0000000000000002 is an unknown value
stack at sp + 7 slots: 0x00007f467c0187b0 points into unknown readable memory: 0x00007f47741c2538 | 38 25 1c 74 47 7f 00 00


---------------  P R O C E S S  ---------------

Threads class SMR info:
_java_thread_list=0x00007f46d82b7d80, length=24, elements={
0x00007f4774019b50, 0x00007f4774169390, 0x00007f477416a910, 0x00007f477416c0b0,
0x00007f477416d700, 0x00007f477416ecb0, 0x00007f4774170800, 0x00007f4774171ed0,
0x00007f477417e2c0, 0x00007f47741813d0, 0x00007f477483d770, 0x00007f477483e2c0,
0x00007f477483f0b0, 0x00007f477483ff30, 0x00007f4774841130, 0x00007f4774842320,
0x00007f47748435a0, 0x00007f4774844ab0, 0x00007f4774845d40, 0x00007f4774846fe0,
0x00007f4774848280, 0x00007f4774849530, 0x00007f477484a7e0, 0x00007f46d82b6bc0
}

Java Threads: ( => current thread )
  0x00007f4774019b50 JavaThread "main"                              [_thread_in_Java, id=13764, stack(0x00007f4779100000,0x00007f4779200000) (1024K)]
  0x00007f4774169390 JavaThread "Reference Handler"          daemon [_thread_blocked, id=13773, stack(0x00007f4754700000,0x00007f4754800000) (1024K)]
  0x00007f477416a910 JavaThread "Finalizer"                  daemon [_thread_blocked, id=13774, stack(0x00007f47545ff000,0x00007f47546ff000) (1024K)]
  0x00007f477416c0b0 JavaThread "Signal Dispatcher"          daemon [_thread_blocked, id=13775, stack(0x00007f47544fe000,0x00007f47545fe000) (1024K)]
  0x00007f477416d700 JavaThread "Service Thread"             daemon [_thread_blocked, id=13776, stack(0x00007f47543fd000,0x00007f47544fd000) (1024K)]
  0x00007f477416ecb0 JavaThread "Monitor Deflation Thread"   daemon [_thread_blocked, id=13777, stack(0x00007f47542fc000,0x00007f47543fc000) (1024K)]
  0x00007f4774170800 JavaThread "C2 CompilerThread0"         daemon [_thread_in_native, id=13778, stack(0x00007f47541fb000,0x00007f47542fb000) (1024K)]
  0x00007f4774171ed0 JavaThread "C1 CompilerThread0"         daemon [_thread_in_native, id=13779, stack(0x00007f47540fa000,0x00007f47541fa000) (1024K)]
  0x00007f477417e2c0 JavaThread "Notification Thread"        daemon [_thread_blocked, id=13780, stack(0x00007f46fef00000,0x00007f46ff000000) (1024K)]
  0x00007f47741813d0 JavaThread "Common-Cleaner"             daemon [_thread_blocked, id=13781, stack(0x00007f46fedff000,0x00007f46feeff000) (1024K)]
  0x00007f477483d770 JavaThread "Thread-0"                          [_thread_in_native, id=13796, stack(0x00007f46fecfe000,0x00007f46fedfe000) (1024K)]
  0x00007f477483e2c0 JavaThread "Thread-1"                          [_thread_in_native, id=13797, stack(0x00007f46c3f00000,0x00007f46c4000000) (1024K)]
=>0x00007f477483f0b0 JavaThread "Thread-2"                          [_thread_in_native, id=13798, stack(0x00007f46b42f9000,0x00007f46b43f9000) (1024K)]
  0x00007f477483ff30 JavaThread "Thread-3"                          [_thread_in_native, id=13799, stack(0x00007f46b41f8000,0x00007f46b42f8000) (1024K)]
  0x00007f4774841130 JavaThread "Thread-4"                          [_thread_in_native, id=13800, stack(0x00007f46b40f7000,0x00007f46b41f7000) (1024K)]
  0x00007f4774842320 JavaThread "Thread-5"                          [_thread_in_native, id=13801, stack(0x00007f46926fd000,0x00007f46927fd000) (1024K)]
  0x00007f47748435a0 JavaThread "Thread-6"                          [_thread_in_native, id=13802, stack(0x00007f46925fc000,0x00007f46926fc000) (1024K)]
  0x00007f4774844ab0 JavaThread "Thread-7"                          [_thread_in_native, id=13803, stack(0x00007f46924fb000,0x00007f46925fb000) (1024K)]
  0x00007f4774845d40 JavaThread "Thread-8"                          [_thread_in_native, id=13804, stack(0x00007f46923fa000,0x00007f46924fa000) (1024K)]
  0x00007f4774846fe0 JavaThread "Thread-9"                          [_thread_in_native, id=13805, stack(0x00007f46922f9000,0x00007f46923f9000) (1024K)]
  0x00007f4774848280 JavaThread "Thread-10"                         [_thread_in_native, id=13806, stack(0x00007f46921f8000,0x00007f46922f8000) (1024K)]
  0x00007f4774849530 JavaThread "Thread-11"                         [_thread_in_native, id=13807, stack(0x00007f46920f7000,0x00007f46921f7000) (1024K)]
  0x00007f477484a7e0 JavaThread "GLThreadRegistry lifecycle"        [_thread_blocked, id=13808, stack(0x00007f4691ff6000,0x00007f46920f6000) (1024K)]
  0x00007f46d82b6bc0 JavaThread "C2 CompilerThread1"         daemon [_thread_in_native, id=13809, stack(0x00007f4691ef5000,0x00007f4691ff5000) (1024K)]
Total: 24

Other Threads:
  0x00007f477415c450 VMThread "VM Thread"                           [id=13772, stack(0x00007f4754b72000,0x00007f4754c72000) (1024K)]
  0x00007f477414a610 WatcherThread "VM Periodic Task Thread"        [id=13771, stack(0x00007f4754c73000,0x00007f4754d73000) (1024K)]
  0x00007f4774082280 WorkerThread "GC Thread#0"                     [id=13765, stack(0x00007f4778120000,0x00007f4778220000) (1024K)]
  0x00007f4774092ff0 ConcurrentGCThread "G1 Main Marker"            [id=13766, stack(0x00007f477801f000,0x00007f477811f000) (1024K)]
  0x00007f4774093ed0 WorkerThread "G1 Conc#0"                       [id=13767, stack(0x00007f4773f00000,0x00007f4774000000) (1024K)]
  0x00007f477412fab0 ConcurrentGCThread "G1 Refine#0"               [id=13768, stack(0x00007f4754ef6000,0x00007f4754ff6000) (1024K)]
  0x00007f47741309b0 ConcurrentGCThread "G1 Service"                [id=13769, stack(0x00007f4754df5000,0x00007f4754ef5000) (1024K)]
Total: 7

Threads with active compile tasks:
C2 CompilerThread0  324  623       4       jdk.internal.org.objectweb.asm.SymbolTable::addConstantUtf8 (98 bytes)
C1 CompilerThread0  325  651       3       jdk.internal.org.objectweb.asm.Frame::push (59 bytes)
C2 CompilerThread1  325  645       4       jdk.internal.org.objectweb.asm.Symbol::<init> (38 bytes)
Total: 3

VM state: not at safepoint (normal execution)

VM Mutex/Monitor currently owned by a thread: None

Heap address: 0x0000000708000000, size: 3968 MB, Compressed Oops mode: Zero based, Oop shift amount: 3

CDS archive(s) mapped at: [0x00007f46ff000000-0x00007f46ffc9c000-0x00007f46ffc9c000), size 13221888, SharedBaseAddress: 0x00007f46ff000000, ArchiveRelocationMode: 1.
Compressed class space mapped at: 0x00007f4700000000-0x00007f4740000000, reserved size: 1073741824
Narrow klass base: 0x00007f46ff000000, Narrow klass shift: 0, Narrow klass range: 0x100000000

GC Precious Log:
 CardTable entry size: 512
 Card Set container configuration: InlinePtr #cards 4 size 8 Array Of Cards #cards 16 size 48 Howl #buckets 8 coarsen threshold 3686 Howl Bitmap #cards 512 size 80 coarsen threshold 460 Card regions per heap region 1 cards per card region 4096
 CPUs: 12 total, 12 available
 Memory: 15868M
 Large Page Support: Disabled
 NUMA Support: Disabled
 Compressed Oops: Enabled (Zero based)
 Heap Region Size: 2M
 Heap Min Capacity: 8M
 Heap Initial Capacity: 248M
 Heap Max Capacity: 3968M
 Pre-touch: Disabled
 Parallel Workers: 10
 Concurrent Workers: 3
 Concurrent Refinement Workers: 10
 Periodic GC: Disabled

Heap:
 garbage-first heap   total 256000K, used 19505K [0x0000000708000000, 0x0000000800000000)
  region size 2048K, 6 young (12288K), 0 survivors (0K)
 Metaspace       used 4066K, committed 4352K, reserved 1114112K
  class space    used 333K, committed 448K, reserved 1048576K

Heap Regions: E=young(eden), S=young(survivor), O=old, HS=humongous(starts), HC=humongous(continues), CS=collection set, F=free, TAMS=top-at-mark-start, PB=parsable bottom
|   0|0x0000000708000000, 0x0000000708200000, 0x0000000708200000|100%|HS|  |TAMS 0x0000000708000000| PB 0x0000000708000000| Complete 
|   1|0x0000000708200000, 0x0000000708400000, 0x0000000708400000|100%|HC|  |TAMS 0x0000000708200000| PB 0x0000000708200000| Complete 
|   2|0x0000000708400000, 0x0000000708600000, 0x0000000708600000|100%|HC|  |TAMS 0x0000000708400000| PB 0x0000000708400000| Complete 
|   3|0x0000000708600000, 0x0000000708800000, 0x0000000708800000|100%|HC|  |TAMS 0x0000000708600000| PB 0x0000000708600000| Complete 
|   4|0x0000000708800000, 0x0000000708800000, 0x0000000708a00000|  0%| F|  |TAMS 0x0000000708800000| PB 0x0000000708800000| Untracked 
|   5|0x0000000708a00000, 0x0000000708a00000, 0x0000000708c00000|  0%| F|  |TAMS 0x0000000708a00000| PB 0x0000000708a00000| Untracked 
|   6|0x0000000708c00000, 0x0000000708c00000, 0x0000000708e00000|  0%| F|  |TAMS 0x0000000708c00000| PB 0x0000000708c00000| Untracked 
|   7|0x0000000708e00000, 0x0000000708e00000, 0x0000000709000000|  0%| F|  |TAMS 0x0000000708e00000| PB 0x0000000708e00000| Untracked 
|   8|0x0000000709000000, 0x0000000709000000, 0x0000000709200000|  0%| F|  |TAMS 0x0000000709000000| PB 0x0000000709000000| Untracked 
|   9|0x0000000709200000, 0x0000000709200000, 0x0000000709400000|  0%| F|  |TAMS 0x0000000709200000| PB 0x0000000709200000| Untracked 
|  10|0x0000000709400000, 0x0000000709400000, 0x0000000709600000|  0%| F|  |TAMS 0x0000000709400000| PB 0x0000000709400000| Untracked 
|  11|0x0000000709600000, 0x0000000709600000, 0x0000000709800000|  0%| F|  |TAMS 0x0000000709600000| PB 0x0000000709600000| Untracked 
|  12|0x0000000709800000, 0x0000000709800000, 0x0000000709a00000|  0%| F|  |TAMS 0x0000000709800000| PB 0x0000000709800000| Untracked 
|  13|0x0000000709a00000, 0x0000000709a00000, 0x0000000709c00000|  0%| F|  |TAMS 0x0000000709a00000| PB 0x0000000709a00000| Untracked 
|  14|0x0000000709c00000, 0x0000000709c00000, 0x0000000709e00000|  0%| F|  |TAMS 0x0000000709c00000| PB 0x0000000709c00000| Untracked 
|  15|0x0000000709e00000, 0x0000000709e00000, 0x000000070a000000|  0%| F|  |TAMS 0x0000000709e00000| PB 0x0000000709e00000| Untracked 
|  16|0x000000070a000000, 0x000000070a000000, 0x000000070a200000|  0%| F|  |TAMS 0x000000070a000000| PB 0x000000070a000000| Untracked 
|  17|0x000000070a200000, 0x000000070a200000, 0x000000070a400000|  0%| F|  |TAMS 0x000000070a200000| PB 0x000000070a200000| Untracked 
|  18|0x000000070a400000, 0x000000070a400000, 0x000000070a600000|  0%| F|  |TAMS 0x000000070a400000| PB 0x000000070a400000| Untracked 
|  19|0x000000070a600000, 0x000000070a600000, 0x000000070a800000|  0%| F|  |TAMS 0x000000070a600000| PB 0x000000070a600000| Untracked 
|  20|0x000000070a800000, 0x000000070a800000, 0x000000070aa00000|  0%| F|  |TAMS 0x000000070a800000| PB 0x000000070a800000| Untracked 
|  21|0x000000070aa00000, 0x000000070aa00000, 0x000000070ac00000|  0%| F|  |TAMS 0x000000070aa00000| PB 0x000000070aa00000| Untracked 
|  22|0x000000070ac00000, 0x000000070ac00000, 0x000000070ae00000|  0%| F|  |TAMS 0x000000070ac00000| PB 0x000000070ac00000| Untracked 
|  23|0x000000070ae00000, 0x000000070ae00000, 0x000000070b000000|  0%| F|  |TAMS 0x000000070ae00000| PB 0x000000070ae00000| Untracked 
|  24|0x000000070b000000, 0x000000070b000000, 0x000000070b200000|  0%| F|  |TAMS 0x000000070b000000| PB 0x000000070b000000| Untracked 
|  25|0x000000070b200000, 0x000000070b200000, 0x000000070b400000|  0%| F|  |TAMS 0x000000070b200000| PB 0x000000070b200000| Untracked 
|  26|0x000000070b400000, 0x000000070b400000, 0x000000070b600000|  0%| F|  |TAMS 0x000000070b400000| PB 0x000000070b400000| Untracked 
|  27|0x000000070b600000, 0x000000070b600000, 0x000000070b800000|  0%| F|  |TAMS 0x000000070b600000| PB 0x000000070b600000| Untracked 
|  28|0x000000070b800000, 0x000000070b800000, 0x000000070ba00000|  0%| F|  |TAMS 0x000000070b800000| PB 0x000000070b800000| Untracked 
|  29|0x000000070ba00000, 0x000000070ba00000, 0x000000070bc00000|  0%| F|  |TAMS 0x000000070ba00000| PB 0x000000070ba00000| Untracked 
|  30|0x000000070bc00000, 0x000000070bc00000, 0x000000070be00000|  0%| F|  |TAMS 0x000000070bc00000| PB 0x000000070bc00000| Untracked 
|  31|0x000000070be00000, 0x000000070be00000, 0x000000070c000000|  0%| F|  |TAMS 0x000000070be00000| PB 0x000000070be00000| Untracked 
|  32|0x000000070c000000, 0x000000070c000000, 0x000000070c200000|  0%| F|  |TAMS 0x000000070c000000| PB 0x000000070c000000| Untracked 
|  33|0x000000070c200000, 0x000000070c200000, 0x000000070c400000|  0%| F|  |TAMS 0x000000070c200000| PB 0x000000070c200000| Untracked 
|  34|0x000000070c400000, 0x000000070c400000, 0x000000070c600000|  0%| F|  |TAMS 0x000000070c400000| PB 0x000000070c400000| Untracked 
|  35|0x000000070c600000, 0x000000070c600000, 0x000000070c800000|  0%| F|  |TAMS 0x000000070c600000| PB 0x000000070c600000| Untracked 
|  36|0x000000070c800000, 0x000000070c800000, 0x000000070ca00000|  0%| F|  |TAMS 0x000000070c800000| PB 0x000000070c800000| Untracked 
|  37|0x000000070ca00000, 0x000000070ca00000, 0x000000070cc00000|  0%| F|  |TAMS 0x000000070ca00000| PB 0x000000070ca00000| Untracked 
|  38|0x000000070cc00000, 0x000000070cc00000, 0x000000070ce00000|  0%| F|  |TAMS 0x000000070cc00000| PB 0x000000070cc00000| Untracked 
|  39|0x000000070ce00000, 0x000000070ce00000, 0x000000070d000000|  0%| F|  |TAMS 0x000000070ce00000| PB 0x000000070ce00000| Untracked 
|  40|0x000000070d000000, 0x000000070d000000, 0x000000070d200000|  0%| F|  |TAMS 0x000000070d000000| PB 0x000000070d000000| Untracked 
|  41|0x000000070d200000, 0x000000070d200000, 0x000000070d400000|  0%| F|  |TAMS 0x000000070d200000| PB 0x000000070d200000| Untracked 
|  42|0x000000070d400000, 0x000000070d400000, 0x000000070d600000|  0%| F|  |TAMS 0x000000070d400000| PB 0x000000070d400000| Untracked 
|  43|0x000000070d600000, 0x000000070d600000, 0x000000070d800000|  0%| F|  |TAMS 0x000000070d600000| PB 0x000000070d600000| Untracked 
|  44|0x000000070d800000, 0x000000070d800000, 0x000000070da00000|  0%| F|  |TAMS 0x000000070d800000| PB 0x000000070d800000| Untracked 
|  45|0x000000070da00000, 0x000000070da00000, 0x000000070dc00000|  0%| F|  |TAMS 0x000000070da00000| PB 0x000000070da00000| Untracked 
|  46|0x000000070dc00000, 0x000000070dc00000, 0x000000070de00000|  0%| F|  |TAMS 0x000000070dc00000| PB 0x000000070dc00000| Untracked 
|  47|0x000000070de00000, 0x000000070de00000, 0x000000070e000000|  0%| F|  |TAMS 0x000000070de00000| PB 0x000000070de00000| Untracked 
|  48|0x000000070e000000, 0x000000070e000000, 0x000000070e200000|  0%| F|  |TAMS 0x000000070e000000| PB 0x000000070e000000| Untracked 
|  49|0x000000070e200000, 0x000000070e200000, 0x000000070e400000|  0%| F|  |TAMS 0x000000070e200000| PB 0x000000070e200000| Untracked 
|  50|0x000000070e400000, 0x000000070e400000, 0x000000070e600000|  0%| F|  |TAMS 0x000000070e400000| PB 0x000000070e400000| Untracked 
|  51|0x000000070e600000, 0x000000070e600000, 0x000000070e800000|  0%| F|  |TAMS 0x000000070e600000| PB 0x000000070e600000| Untracked 
|  52|0x000000070e800000, 0x000000070e800000, 0x000000070ea00000|  0%| F|  |TAMS 0x000000070e800000| PB 0x000000070e800000| Untracked 
|  53|0x000000070ea00000, 0x000000070ea00000, 0x000000070ec00000|  0%| F|  |TAMS 0x000000070ea00000| PB 0x000000070ea00000| Untracked 
|  54|0x000000070ec00000, 0x000000070ec00000, 0x000000070ee00000|  0%| F|  |TAMS 0x000000070ec00000| PB 0x000000070ec00000| Untracked 
|  55|0x000000070ee00000, 0x000000070ee00000, 0x000000070f000000|  0%| F|  |TAMS 0x000000070ee00000| PB 0x000000070ee00000| Untracked 
|  56|0x000000070f000000, 0x000000070f000000, 0x000000070f200000|  0%| F|  |TAMS 0x000000070f000000| PB 0x000000070f000000| Untracked 
|  57|0x000000070f200000, 0x000000070f200000, 0x000000070f400000|  0%| F|  |TAMS 0x000000070f200000| PB 0x000000070f200000| Untracked 
|  58|0x000000070f400000, 0x000000070f400000, 0x000000070f600000|  0%| F|  |TAMS 0x000000070f400000| PB 0x000000070f400000| Untracked 
|  59|0x000000070f600000, 0x000000070f600000, 0x000000070f800000|  0%| F|  |TAMS 0x000000070f600000| PB 0x000000070f600000| Untracked 
|  60|0x000000070f800000, 0x000000070f800000, 0x000000070fa00000|  0%| F|  |TAMS 0x000000070f800000| PB 0x000000070f800000| Untracked 
|  61|0x000000070fa00000, 0x000000070fa00000, 0x000000070fc00000|  0%| F|  |TAMS 0x000000070fa00000| PB 0x000000070fa00000| Untracked 
|  62|0x000000070fc00000, 0x000000070fc00000, 0x000000070fe00000|  0%| F|  |TAMS 0x000000070fc00000| PB 0x000000070fc00000| Untracked 
|  63|0x000000070fe00000, 0x000000070fe00000, 0x0000000710000000|  0%| F|  |TAMS 0x000000070fe00000| PB 0x000000070fe00000| Untracked 
|  64|0x0000000710000000, 0x0000000710000000, 0x0000000710200000|  0%| F|  |TAMS 0x0000000710000000| PB 0x0000000710000000| Untracked 
|  65|0x0000000710200000, 0x0000000710200000, 0x0000000710400000|  0%| F|  |TAMS 0x0000000710200000| PB 0x0000000710200000| Untracked 
|  66|0x0000000710400000, 0x0000000710400000, 0x0000000710600000|  0%| F|  |TAMS 0x0000000710400000| PB 0x0000000710400000| Untracked 
|  67|0x0000000710600000, 0x0000000710600000, 0x0000000710800000|  0%| F|  |TAMS 0x0000000710600000| PB 0x0000000710600000| Untracked 
|  68|0x0000000710800000, 0x0000000710800000, 0x0000000710a00000|  0%| F|  |TAMS 0x0000000710800000| PB 0x0000000710800000| Untracked 
|  69|0x0000000710a00000, 0x0000000710a00000, 0x0000000710c00000|  0%| F|  |TAMS 0x0000000710a00000| PB 0x0000000710a00000| Untracked 
|  70|0x0000000710c00000, 0x0000000710c00000, 0x0000000710e00000|  0%| F|  |TAMS 0x0000000710c00000| PB 0x0000000710c00000| Untracked 
|  71|0x0000000710e00000, 0x0000000710e00000, 0x0000000711000000|  0%| F|  |TAMS 0x0000000710e00000| PB 0x0000000710e00000| Untracked 
|  72|0x0000000711000000, 0x0000000711000000, 0x0000000711200000|  0%| F|  |TAMS 0x0000000711000000| PB 0x0000000711000000| Untracked 
|  73|0x0000000711200000, 0x0000000711200000, 0x0000000711400000|  0%| F|  |TAMS 0x0000000711200000| PB 0x0000000711200000| Untracked 
|  74|0x0000000711400000, 0x0000000711400000, 0x0000000711600000|  0%| F|  |TAMS 0x0000000711400000| PB 0x0000000711400000| Untracked 
|  75|0x0000000711600000, 0x0000000711600000, 0x0000000711800000|  0%| F|  |TAMS 0x0000000711600000| PB 0x0000000711600000| Untracked 
|  76|0x0000000711800000, 0x0000000711800000, 0x0000000711a00000|  0%| F|  |TAMS 0x0000000711800000| PB 0x0000000711800000| Untracked 
|  77|0x0000000711a00000, 0x0000000711a00000, 0x0000000711c00000|  0%| F|  |TAMS 0x0000000711a00000| PB 0x0000000711a00000| Untracked 
|  78|0x0000000711c00000, 0x0000000711c00000, 0x0000000711e00000|  0%| F|  |TAMS 0x0000000711c00000| PB 0x0000000711c00000| Untracked 
|  79|0x0000000711e00000, 0x0000000711e00000, 0x0000000712000000|  0%| F|  |TAMS 0x0000000711e00000| PB 0x0000000711e00000| Untracked 
|  80|0x0000000712000000, 0x0000000712000000, 0x0000000712200000|  0%| F|  |TAMS 0x0000000712000000| PB 0x0000000712000000| Untracked 
|  81|0x0000000712200000, 0x0000000712200000, 0x0000000712400000|  0%| F|  |TAMS 0x0000000712200000| PB 0x0000000712200000| Untracked 
|  82|0x0000000712400000, 0x0000000712400000, 0x0000000712600000|  0%| F|  |TAMS 0x0000000712400000| PB 0x0000000712400000| Untracked 
|  83|0x0000000712600000, 0x0000000712600000, 0x0000000712800000|  0%| F|  |TAMS 0x0000000712600000| PB 0x0000000712600000| Untracked 
|  84|0x0000000712800000, 0x0000000712800000, 0x0000000712a00000|  0%| F|  |TAMS 0x0000000712800000| PB 0x0000000712800000| Untracked 
|  85|0x0000000712a00000, 0x0000000712a00000, 0x0000000712c00000|  0%| F|  |TAMS 0x0000000712a00000| PB 0x0000000712a00000| Untracked 
|  86|0x0000000712c00000, 0x0000000712c00000, 0x0000000712e00000|  0%| F|  |TAMS 0x0000000712c00000| PB 0x0000000712c00000| Untracked 
|  87|0x0000000712e00000, 0x0000000712e00000, 0x0000000713000000|  0%| F|  |TAMS 0x0000000712e00000| PB 0x0000000712e00000| Untracked 
|  88|0x0000000713000000, 0x0000000713000000, 0x0000000713200000|  0%| F|  |TAMS 0x0000000713000000| PB 0x0000000713000000| Untracked 
|  89|0x0000000713200000, 0x0000000713200000, 0x0000000713400000|  0%| F|  |TAMS 0x0000000713200000| PB 0x0000000713200000| Untracked 
|  90|0x0000000713400000, 0x0000000713400000, 0x0000000713600000|  0%| F|  |TAMS 0x0000000713400000| PB 0x0000000713400000| Untracked 
|  91|0x0000000713600000, 0x0000000713600000, 0x0000000713800000|  0%| F|  |TAMS 0x0000000713600000| PB 0x0000000713600000| Untracked 
|  92|0x0000000713800000, 0x0000000713800000, 0x0000000713a00000|  0%| F|  |TAMS 0x0000000713800000| PB 0x0000000713800000| Untracked 
|  93|0x0000000713a00000, 0x0000000713a00000, 0x0000000713c00000|  0%| F|  |TAMS 0x0000000713a00000| PB 0x0000000713a00000| Untracked 
|  94|0x0000000713c00000, 0x0000000713c00000, 0x0000000713e00000|  0%| F|  |TAMS 0x0000000713c00000| PB 0x0000000713c00000| Untracked 
|  95|0x0000000713e00000, 0x0000000713e00000, 0x0000000714000000|  0%| F|  |TAMS 0x0000000713e00000| PB 0x0000000713e00000| Untracked 
|  96|0x0000000714000000, 0x0000000714000000, 0x0000000714200000|  0%| F|  |TAMS 0x0000000714000000| PB 0x0000000714000000| Untracked 
|  97|0x0000000714200000, 0x0000000714200000, 0x0000000714400000|  0%| F|  |TAMS 0x0000000714200000| PB 0x0000000714200000| Untracked 
|  98|0x0000000714400000, 0x0000000714400000, 0x0000000714600000|  0%| F|  |TAMS 0x0000000714400000| PB 0x0000000714400000| Untracked 
|  99|0x0000000714600000, 0x0000000714600000, 0x0000000714800000|  0%| F|  |TAMS 0x0000000714600000| PB 0x0000000714600000| Untracked 
| 100|0x0000000714800000, 0x0000000714800000, 0x0000000714a00000|  0%| F|  |TAMS 0x0000000714800000| PB 0x0000000714800000| Untracked 
| 101|0x0000000714a00000, 0x0000000714a00000, 0x0000000714c00000|  0%| F|  |TAMS 0x0000000714a00000| PB 0x0000000714a00000| Untracked 
| 102|0x0000000714c00000, 0x0000000714c00000, 0x0000000714e00000|  0%| F|  |TAMS 0x0000000714c00000| PB 0x0000000714c00000| Untracked 
| 103|0x0000000714e00000, 0x0000000714e00000, 0x0000000715000000|  0%| F|  |TAMS 0x0000000714e00000| PB 0x0000000714e00000| Untracked 
| 104|0x0000000715000000, 0x0000000715000000, 0x0000000715200000|  0%| F|  |TAMS 0x0000000715000000| PB 0x0000000715000000| Untracked 
| 105|0x0000000715200000, 0x0000000715200000, 0x0000000715400000|  0%| F|  |TAMS 0x0000000715200000| PB 0x0000000715200000| Untracked 
| 106|0x0000000715400000, 0x0000000715400000, 0x0000000715600000|  0%| F|  |TAMS 0x0000000715400000| PB 0x0000000715400000| Untracked 
| 107|0x0000000715600000, 0x0000000715600000, 0x0000000715800000|  0%| F|  |TAMS 0x0000000715600000| PB 0x0000000715600000| Untracked 
| 108|0x0000000715800000, 0x0000000715800000, 0x0000000715a00000|  0%| F|  |TAMS 0x0000000715800000| PB 0x0000000715800000| Untracked 
| 109|0x0000000715a00000, 0x0000000715a00000, 0x0000000715c00000|  0%| F|  |TAMS 0x0000000715a00000| PB 0x0000000715a00000| Untracked 
| 110|0x0000000715c00000, 0x0000000715c00000, 0x0000000715e00000|  0%| F|  |TAMS 0x0000000715c00000| PB 0x0000000715c00000| Untracked 
| 111|0x0000000715e00000, 0x0000000715e00000, 0x0000000716000000|  0%| F|  |TAMS 0x0000000715e00000| PB 0x0000000715e00000| Untracked 
| 112|0x0000000716000000, 0x0000000716000000, 0x0000000716200000|  0%| F|  |TAMS 0x0000000716000000| PB 0x0000000716000000| Untracked 
| 113|0x0000000716200000, 0x0000000716200000, 0x0000000716400000|  0%| F|  |TAMS 0x0000000716200000| PB 0x0000000716200000| Untracked 
| 114|0x0000000716400000, 0x0000000716400000, 0x0000000716600000|  0%| F|  |TAMS 0x0000000716400000| PB 0x0000000716400000| Untracked 
| 115|0x0000000716600000, 0x0000000716600000, 0x0000000716800000|  0%| F|  |TAMS 0x0000000716600000| PB 0x0000000716600000| Untracked 
| 116|0x0000000716800000, 0x0000000716800000, 0x0000000716a00000|  0%| F|  |TAMS 0x0000000716800000| PB 0x0000000716800000| Untracked 
| 117|0x0000000716a00000, 0x0000000716a00000, 0x0000000716c00000|  0%| F|  |TAMS 0x0000000716a00000| PB 0x0000000716a00000| Untracked 
| 118|0x0000000716c00000, 0x0000000716e00000, 0x0000000716e00000|100%| E|  |TAMS 0x0000000716c00000| PB 0x0000000716c00000| Complete 
| 119|0x0000000716e00000, 0x0000000717000000, 0x0000000717000000|100%| E|CS|TAMS 0x0000000716e00000| PB 0x0000000716e00000| Complete 
| 120|0x0000000717000000, 0x0000000717200000, 0x0000000717200000|100%| E|CS|TAMS 0x0000000717000000| PB 0x0000000717000000| Complete 
| 121|0x0000000717200000, 0x0000000717400000, 0x0000000717400000|100%| E|CS|TAMS 0x0000000717200000| PB 0x0000000717200000| Complete 
| 122|0x0000000717400000, 0x0000000717600000, 0x0000000717600000|100%| E|CS|TAMS 0x0000000717400000| PB 0x0000000717400000| Complete 
| 123|0x0000000717600000, 0x0000000717800000, 0x0000000717800000|100%| E|CS|TAMS 0x0000000717600000| PB 0x0000000717600000| Complete 
|1983|0x00000007ffe00000, 0x00000007fff0c610, 0x0000000800000000| 52%| O|  |TAMS 0x00000007ffe00000| PB 0x00000007ffe00000| Untracked 

Card table byte_map: [0x00007f475b880000,0x00007f475c040000] _byte_map_base: 0x00007f4758040000

Marking Bits: (CMBitMap*) 0x00007f4774082cf0
 Bits: [0x00007f4757a00000, 0x00007f475b800000)

Polling page: 0x00007f477ab56000

Metaspace:

Usage:
  Non-class:      3,66 MB used.
      Class:    336,87 KB used.
       Both:      3,99 MB used.

Virtual space:
  Non-class space:       64,00 MB reserved,       3,81 MB (  6%) committed,  1 nodes.
      Class space:        1,00 GB reserved,     512,00 KB ( <1%) committed,  1 nodes.
             Both:        1,06 GB reserved,       4,31 MB ( <1%) committed. 

Chunk freelists:
   Non-Class:  10,39 MB
       Class:  15,53 MB
        Both:  25,92 MB

MaxMetaspaceSize: unlimited
CompressedClassSpaceSize: 1,00 GB
Initial GC threshold: 21,00 MB
Current GC threshold: 21,00 MB
CDS: on
 - commit_granule_bytes: 65536.
 - commit_granule_words: 8192.
 - virtual_space_node_default_size: 8388608.
 - enlarge_chunks_in_place: 1.
 - use_allocation_guard: 0.


Internal statistics:

num_allocs_failed_limit: 0.
num_arena_births: 314.
num_arena_deaths: 0.
num_vsnodes_births: 2.
num_vsnodes_deaths: 0.
num_space_committed: 67.
num_space_uncommitted: 0.
num_chunks_returned_to_freelist: 0.
num_chunks_taken_from_freelist: 455.
num_chunk_merges: 0.
num_chunk_splits: 267.
num_chunks_enlarged: 92.
num_inconsistent_stats: 0.

CodeHeap 'non-profiled nmethods': size=120028Kb used=211Kb max_used=211Kb free=119816Kb
 bounds [0x00007f47642c9000, 0x00007f4764539000, 0x00007f476b800000]
CodeHeap 'profiled nmethods': size=120028Kb used=942Kb max_used=942Kb free=119085Kb
 bounds [0x00007f475c800000, 0x00007f475ca70000, 0x00007f4763d37000]
CodeHeap 'non-nmethods': size=5704Kb used=2049Kb max_used=2063Kb free=3655Kb
 bounds [0x00007f4763d37000, 0x00007f4763fa7000, 0x00007f47642c9000]
CodeCache: size=245760Kb, used=3202Kb, max_used=3216Kb, free=242556Kb
 total_blobs=1714, nmethods=653, adapters=967, full_count=0
Compilation: enabled, stopped_count=0, restarted_count=0

Compilation events (20 events):
Event: 0,312 Thread 0x00007f4774171ed0  605       1       jdk.internal.org.objectweb.asm.SymbolTable::getConstantPoolCount (5 bytes)
Event: 0,312 Thread 0x00007f4774171ed0 nmethod 605 0x00007f47642fb490 code [0x00007f47642fb620, 0x00007f47642fb6e0]
Event: 0,312 Thread 0x00007f4774171ed0  580       1       java.lang.invoke.DirectMethodHandle::internalMemberName (5 bytes)
Event: 0,312 Thread 0x00007f4774171ed0 nmethod 580 0x00007f47642fb790 code [0x00007f47642fb920, 0x00007f47642fb9e8]
Event: 0,312 Thread 0x00007f4774171ed0  612       1       java.lang.invoke.ClassSpecializer$SpeciesData::getterFunctions (5 bytes)
Event: 0,312 Thread 0x00007f4774171ed0 nmethod 612 0x00007f47642fba90 code [0x00007f47642fbc20, 0x00007f47642fbce8]
Event: 0,312 Thread 0x00007f4774171ed0  617       1       java.lang.Class::getClassData (5 bytes)
Event: 0,312 Thread 0x00007f4774171ed0 nmethod 617 0x00007f47642fbd90 code [0x00007f47642fbf20, 0x00007f47642fbfe8]
Event: 0,312 Thread 0x00007f4774171ed0  616       1       java.lang.invoke.InvokerBytecodeGenerator::setClassWriter (6 bytes)
Event: 0,312 Thread 0x00007f4774171ed0 nmethod 616 0x00007f47642fc090 code [0x00007f47642fc220, 0x00007f47642fc330]
Event: 0,313 Thread 0x00007f4774170800 nmethod 610 0x00007f47642fc390 code [0x00007f47642fc520, 0x00007f47642fc8a8]
Event: 0,315 Thread 0x00007f4774171ed0  624       3       java.lang.invoke.BoundMethodHandle::editor (8 bytes)
Event: 0,315 Thread 0x00007f4774171ed0 nmethod 624 0x00007f475c8dcb90 code [0x00007f475c8dcd60, 0x00007f475c8dd110]
Event: 0,315 Thread 0x00007f4774171ed0  625       3       java.lang.invoke.MethodType::toMethodDescriptorString (28 bytes)
Event: 0,315 Thread 0x00007f4774171ed0 nmethod 625 0x00007f475c8dd290 code [0x00007f475c8dd440, 0x00007f475c8dd628]
Event: 0,315 Thread 0x00007f4774170800  623       4       jdk.internal.org.objectweb.asm.SymbolTable::addConstantUtf8 (98 bytes)
Event: 0,316 Thread 0x00007f4774171ed0  626       3       java.lang.invoke.MethodHandles$Lookup::lookupClassOrNull (17 bytes)
Event: 0,316 Thread 0x00007f4774171ed0 nmethod 626 0x00007f475c8dd710 code [0x00007f475c8dd8c0, 0x00007f475c8dda40]
Event: 0,317 Thread 0x00007f4774171ed0  627       3       java.lang.invoke.MethodType::methodType (21 bytes)
Event: 0,317 Thread 0x00007f4774171ed0 nmethod 627 0x00007f475c8ddb10 code [0x00007f475c8ddcc0, 0x00007f475c8dde80]

GC Heap History (0 events):
No events

Dll operation events (10 events):
Event: 0,001 Loaded shared library /usr/lib/jvm/java-21-openjdk-amd64/lib/libjava.so
Event: 0,018 Loaded shared library /usr/lib/jvm/java-21-openjdk-amd64/lib/libjsvml.so
Event: 0,030 Loaded shared library /usr/lib/jvm/java-21-openjdk-amd64/lib/libnio.so
Event: 0,032 Loaded shared library /usr/lib/jvm/java-21-openjdk-amd64/lib/libzip.so
Event: 0,057 Loaded shared library /usr/lib/jvm/java-21-openjdk-amd64/lib/libjimage.so
Event: 0,062 Loaded shared library /usr/lib/jvm/java-21-openjdk-amd64/lib/libnet.so
Event: 0,067 Loaded shared library /tmp/lwjgl_unit-grief/3.4.1+2/x64/liblwjgl.so
Event: 0,240 Loaded shared library /tmp/lwjgl_unit-grief/3.4.1+2/x64/liblwjgl_opengl.so
Event: 0,314 Loaded shared library /usr/lib/jvm/java-21-openjdk-amd64/lib/libawt.so
Event: 0,316 Loaded shared library /usr/lib/jvm/java-21-openjdk-amd64/lib/libawt_xawt.so

Deoptimization events (12 events):
Event: 0,241 Thread 0x00007f4774019b50 Uncommon trap: trap_request=0xffffff45 fr.pc=0x00007f47642cdde4 relative=0x0000000000000144
Event: 0,241 Thread 0x00007f4774019b50 Uncommon trap: reason=unstable_if action=reinterpret pc=0x00007f47642cdde4 method=java.lang.StringCoding.countPositives([BII)I @ 17 c2
Event: 0,241 Thread 0x00007f4774019b50 DEOPT PACKING pc=0x00007f47642cdde4 sp=0x00007f47791fd5f0
Event: 0,241 Thread 0x00007f4774019b50 DEOPT UNPACKING pc=0x00007f4763d8af99 sp=0x00007f47791fd5b0 mode 2
Event: 0,273 Thread 0x00007f4774019b50 Uncommon trap: trap_request=0xffffff54 fr.pc=0x00007f47642ee1ec relative=0x000000000000006c
Event: 0,273 Thread 0x00007f4774019b50 Uncommon trap: reason=speculate_null_assert action=make_not_entrant pc=0x00007f47642ee1ec method=sun.misc.Unsafe.getLong(Ljava/lang/Object;J)J @ 5 c2
Event: 0,273 Thread 0x00007f4774019b50 DEOPT PACKING pc=0x00007f47642ee1ec sp=0x00007f47791fe2b0
Event: 0,273 Thread 0x00007f4774019b50 DEOPT UNPACKING pc=0x00007f4763d8af99 sp=0x00007f47791fe258 mode 2
Event: 0,306 Thread 0x00007f4774844ab0 DEOPT PACKING pc=0x00007f475c814870 sp=0x00007f46925f8040
Event: 0,306 Thread 0x00007f4774844ab0 DEOPT UNPACKING pc=0x00007f4763d8b72f sp=0x00007f46925f7480 mode 0
Event: 0,310 Thread 0x00007f4774019b50 DEOPT PACKING pc=0x00007f475c802dc9 sp=0x00007f47791fc510
Event: 0,310 Thread 0x00007f4774019b50 DEOPT UNPACKING pc=0x00007f4763d8b72f sp=0x00007f47791fb998 mode 0

Classes loaded (20 events):
Event: 0,317 Loading class java/awt/image/DataBufferInt
Event: 0,317 Loading class java/awt/image/DataBuffer
Event: 0,317 Loading class java/awt/image/DataBuffer done
Event: 0,317 Loading class java/awt/image/DataBufferInt done
Event: 0,317 Loading class java/awt/image/DataBuffer$1
Event: 0,317 Loading class sun/awt/image/SunWritableRaster$DataStealer
Event: 0,317 Loading class sun/awt/image/SunWritableRaster$DataStealer done
Event: 0,317 Loading class java/awt/image/DataBuffer$1 done
Event: 0,317 Loading class sun/awt/image/SunWritableRaster
Event: 0,317 Loading class java/awt/image/WritableRaster
Event: 0,318 Loading class java/awt/image/WritableRaster done
Event: 0,318 Loading class sun/awt/image/SunWritableRaster done
Event: 0,318 Loading class sun/java2d/StateTrackable$State
Event: 0,318 Loading class sun/java2d/StateTrackable$State done
Event: 0,318 Loading class sun/java2d/StateTrackableDelegate
Event: 0,318 Loading class sun/java2d/StateTrackable
Event: 0,318 Loading class sun/java2d/StateTrackable done
Event: 0,318 Loading class sun/java2d/StateTrackableDelegate done
Event: 0,318 Loading class sun/java2d/StateTrackableDelegate$2
Event: 0,318 Loading class sun/java2d/StateTrackableDelegate$2 done

Classes unloaded (0 events):
No events

Classes redefined (0 events):
No events

Internal exceptions (15 events):
Event: 0,048 Thread 0x00007f4774019b50 Exception <a 'java/lang/NoSuchMethodError'{0x0000000717475508}: 'void java.lang.invoke.DirectMethodHandle$Holder.invokeStatic(java.lang.Object, java.lang.Object)'> (0x0000000717475508) 
thrown [./src/hotspot/share/interpreter/linkResolver.cpp, line 772]
Event: 0,049 Thread 0x00007f4774019b50 Exception <a 'java/lang/NoSuchMethodError'{0x000000071747a640}: 'void java.lang.System.load(java.lang.String, java.lang.Class)'> (0x000000071747a640) 
thrown [./src/hotspot/share/interpreter/linkResolver.cpp, line 772]
Event: 0,049 Thread 0x00007f4774019b50 Exception <a 'java/lang/NoSuchMethodError'{0x000000071747b128}: 'void java.lang.invoke.DirectMethodHandle$Holder.invokeSpecial(java.lang.Object, java.lang.Object, java.lang.Object)'> (0x000000071747b128) 
thrown [./src/hotspot/share/interpreter/linkResolver.cpp, line 772]
Event: 0,051 Thread 0x00007f4774019b50 Exception <a 'java/lang/NoSuchMethodError'{0x000000071748cb50}: 'java.lang.Object java.lang.invoke.DirectMethodHandle$Holder.invokeStatic(java.lang.Object, java.lang.Object, int)'> (0x000000071748cb50) 
thrown [./src/hotspot/share/interpreter/linkResolver.cpp, line 772]
Event: 0,052 Thread 0x00007f4774019b50 Exception <a 'java/lang/NoSuchMethodError'{0x00000007174983a8}: 'void java.lang.invoke.DelegatingMethodHandle$Holder.delegate(java.lang.Object, java.lang.Object, int, java.lang.Object)'> (0x00000007174983a8) 
thrown [./src/hotspot/share/interpreter/linkResolver.cpp, line 772]
Event: 0,052 Thread 0x00007f4774019b50 Exception <a 'java/lang/NoSuchMethodError'{0x000000071749c3a0}: 'int java.lang.invoke.DirectMethodHandle$Holder.invokeSpecial(java.lang.Object, java.lang.Object, java.lang.Object)'> (0x000000071749c3a0) 
thrown [./src/hotspot/share/interpreter/linkResolver.cpp, line 772]
Event: 0,056 Thread 0x00007f4774019b50 Exception <a 'java/lang/NoSuchMethodError'{0x00000007174b6ac8}: 'void java.lang.System.loadLibrary(java.lang.String, java.lang.Class)'> (0x00000007174b6ac8) 
thrown [./src/hotspot/share/interpreter/linkResolver.cpp, line 772]
Event: 0,105 Thread 0x00007f4774019b50 Exception <a 'java/lang/NoSuchMethodError'{0x0000000717252798}: 'int java.lang.invoke.DirectMethodHandle$Holder.invokeStaticInit(java.lang.Object, java.lang.Object, int, long)'> (0x0000000717252798) 
thrown [./src/hotspot/share/interpreter/linkResolver.cpp, line 772]
Event: 0,105 Thread 0x00007f4774019b50 Exception <a 'java/lang/NoSuchMethodError'{0x0000000717257b70}: 'java.lang.Object java.lang.invoke.DirectMethodHandle$Holder.newInvokeSpecial(java.lang.Object, java.lang.Object, int)'> (0x0000000717257b70) 
thrown [./src/hotspot/share/interpreter/linkResolver.cpp, line 772]
Event: 0,106 Thread 0x00007f4774019b50 Exception <a 'java/lang/NoSuchMethodError'{0x00000007172661b8}: 'int java.lang.invoke.DirectMethodHandle$Holder.invokeStaticInit(java.lang.Object, java.lang.Object, long, long)'> (0x00000007172661b8) 
thrown [./src/hotspot/share/interpreter/linkResolver.cpp, line 772]
Event: 0,107 Thread 0x00007f4774019b50 Exception <a 'java/lang/NoSuchMethodError'{0x000000071726bf10}: 'java.lang.Object java.lang.invoke.DirectMethodHandle$Holder.newInvokeSpecial(java.lang.Object, java.lang.Object, long)'> (0x000000071726bf10) 
thrown [./src/hotspot/share/interpreter/linkResolver.cpp, line 772]
Event: 0,107 Thread 0x00007f4774019b50 Exception <a 'java/lang/NoSuchMethodError'{0x0000000717270038}: 'java.lang.Object java.lang.invoke.Invokers$Holder.linkToTargetMethod(java.lang.Object, long, java.lang.Object)'> (0x0000000717270038) 
thrown [./src/hotspot/share/interpreter/linkResolver.cpp, line 772]
Event: 0,107 Thread 0x00007f4774019b50 Exception <a 'java/lang/NoSuchMethodError'{0x0000000717277280}: 'int java.lang.invoke.DirectMethodHandle$Holder.invokeStaticInit(java.lang.Object, java.lang.Object, java.lang.Object, long)'> (0x0000000717277280) 
thrown [./src/hotspot/share/interpreter/linkResolver.cpp, line 772]
Event: 0,237 Thread 0x00007f4774019b50 Exception <a 'java/lang/NoSuchMethodError'{0x00000007172d4248}: 'void java.lang.System.load(java.lang.String, java.lang.Class)'> (0x00000007172d4248) 
thrown [./src/hotspot/share/interpreter/linkResolver.cpp, line 772]
Event: 0,237 Thread 0x00007f4774019b50 Exception <a 'java/lang/NoSuchMethodError'{0x00000007172d6c78}: 'void java.lang.System.loadLibrary(java.lang.String, java.lang.Class)'> (0x00000007172d6c78) 
thrown [./src/hotspot/share/interpreter/linkResolver.cpp, line 772]

ZGC Phase Switch (0 events):
No events

VM Operations (2 events):
Event: 0,102 Executing non-safepoint VM operation: HandshakeAllThreads (Deoptimize)
Event: 0,102 Executing non-safepoint VM operation: HandshakeAllThreads (Deoptimize) done

Memory protections (20 events):
Event: 0,018 Protecting memory [0x00007f47542fc000,0x00007f4754300000] with protection modes 0
Event: 0,018 Protecting memory [0x00007f47541fb000,0x00007f47541ff000] with protection modes 0
Event: 0,018 Protecting memory [0x00007f47540fa000,0x00007f47540fe000] with protection modes 0
Event: 0,020 Protecting memory [0x00007f46fef00000,0x00007f46fef04000] with protection modes 0
Event: 0,021 Protecting memory [0x00007f46fedff000,0x00007f46fee03000] with protection modes 0
Event: 0,095 Protecting memory [0x00007f46fecfe000,0x00007f46fed02000] with protection modes 0
Event: 0,304 Protecting memory [0x00007f46fecfe000,0x00007f46fed02000] with protection modes 0
Event: 0,304 Protecting memory [0x00007f46c3f00000,0x00007f46c3f04000] with protection modes 0
Event: 0,304 Protecting memory [0x00007f46b42f9000,0x00007f46b42fd000] with protection modes 0
Event: 0,304 Protecting memory [0x00007f46b41f8000,0x00007f46b41fc000] with protection modes 0
Event: 0,305 Protecting memory [0x00007f46b40f7000,0x00007f46b40fb000] with protection modes 0
Event: 0,305 Protecting memory [0x00007f46926fd000,0x00007f4692701000] with protection modes 0
Event: 0,305 Protecting memory [0x00007f46925fc000,0x00007f4692600000] with protection modes 0
Event: 0,305 Protecting memory [0x00007f46924fb000,0x00007f46924ff000] with protection modes 0
Event: 0,306 Protecting memory [0x00007f46923fa000,0x00007f46923fe000] with protection modes 0
Event: 0,306 Protecting memory [0x00007f46922f9000,0x00007f46922fd000] with protection modes 0
Event: 0,307 Protecting memory [0x00007f46921f8000,0x00007f46921fc000] with protection modes 0
Event: 0,307 Protecting memory [0x00007f46920f7000,0x00007f46920fb000] with protection modes 0
Event: 0,310 Protecting memory [0x00007f4691ff6000,0x00007f4691ffa000] with protection modes 0
Event: 0,311 Protecting memory [0x00007f4691ef5000,0x00007f4691ef9000] with protection modes 0

Nmethod flushes (0 events):
No events

Events (20 events):
Event: 0,018 Thread 0x00007f4774019b50 Thread added: 0x00007f4774170800
Event: 0,018 Thread 0x00007f4774019b50 Thread added: 0x00007f4774171ed0
Event: 0,020 Thread 0x00007f4774019b50 Thread added: 0x00007f477417e2c0
Event: 0,021 Thread 0x00007f4774019b50 Thread added: 0x00007f47741813d0
Event: 0,095 Thread 0x00007f4774171ed0 Thread added: 0x00007f46d8058760
Event: 0,217 Thread 0x00007f46d8058760 Thread exited: 0x00007f46d8058760
Event: 0,304 Thread 0x00007f4774019b50 Thread added: 0x00007f477483d770
Event: 0,304 Thread 0x00007f4774019b50 Thread added: 0x00007f477483e2c0
Event: 0,304 Thread 0x00007f4774019b50 Thread added: 0x00007f477483f0b0
Event: 0,304 Thread 0x00007f4774019b50 Thread added: 0x00007f477483ff30
Event: 0,305 Thread 0x00007f4774019b50 Thread added: 0x00007f4774841130
Event: 0,305 Thread 0x00007f4774019b50 Thread added: 0x00007f4774842320
Event: 0,305 Thread 0x00007f4774019b50 Thread added: 0x00007f47748435a0
Event: 0,305 Thread 0x00007f4774019b50 Thread added: 0x00007f4774844ab0
Event: 0,306 Thread 0x00007f4774019b50 Thread added: 0x00007f4774845d40
Event: 0,306 Thread 0x00007f4774019b50 Thread added: 0x00007f4774846fe0
Event: 0,307 Thread 0x00007f4774019b50 Thread added: 0x00007f4774848280
Event: 0,307 Thread 0x00007f4774019b50 Thread added: 0x00007f4774849530
Event: 0,310 Thread 0x00007f4774019b50 Thread added: 0x00007f477484a7e0
Event: 0,310 Thread 0x00007f4774171ed0 Thread added: 0x00007f46d82b6bc0


Dynamic libraries:
708000000-717800000 rw-p 00000000 00:00 0 
717800000-7ffe00000 ---p 00000000 00:00 0 
7ffe00000-7fff0d000 rw-p 00cdb000 08:12 11687524                         /usr/lib/jvm/java-21-openjdk-amd64/lib/server/classes.jsa
7fff0d000-800000000 rw-p 00000000 00:00 0 
555ee4f55000-555ee4f56000 r--p 00000000 08:12 11687370                   /usr/lib/jvm/java-21-openjdk-amd64/bin/java
555ee4f56000-555ee4f57000 r-xp 00001000 08:12 11687370                   /usr/lib/jvm/java-21-openjdk-amd64/bin/java
555ee4f57000-555ee4f58000 r--p 00002000 08:12 11687370                   /usr/lib/jvm/java-21-openjdk-amd64/bin/java
555ee4f58000-555ee4f59000 r--p 00002000 08:12 11687370                   /usr/lib/jvm/java-21-openjdk-amd64/bin/java
555ee4f59000-555ee4f5a000 rw-p 00003000 08:12 11687370                   /usr/lib/jvm/java-21-openjdk-amd64/bin/java
555f1238a000-555f123d2000 rw-p 00000000 00:00 0                          [heap]
7f4640000000-7f4640021000 rw-p 00000000 00:00 0 
7f4640021000-7f4644000000 ---p 00000000 00:00 0 
7f4644000000-7f4644021000 rw-p 00000000 00:00 0 
7f4644021000-7f4648000000 ---p 00000000 00:00 0 
7f4648000000-7f4648021000 rw-p 00000000 00:00 0 
7f4648021000-7f464c000000 ---p 00000000 00:00 0 
7f464c000000-7f464c021000 rw-p 00000000 00:00 0 
7f464c021000-7f4650000000 ---p 00000000 00:00 0 
7f4650000000-7f4650021000 rw-p 00000000 00:00 0 
7f4650021000-7f4654000000 ---p 00000000 00:00 0 
7f4654000000-7f4654026000 rw-p 00000000 00:00 0 
7f4654026000-7f4658000000 ---p 00000000 00:00 0 
7f4658000000-7f4658021000 rw-p 00000000 00:00 0 
7f4658021000-7f465c000000 ---p 00000000 00:00 0 
7f465c000000-7f465c021000 rw-p 00000000 00:00 0 
7f465c021000-7f4660000000 ---p 00000000 00:00 0 
7f4660000000-7f4660025000 rw-p 00000000 00:00 0 
7f4660025000-7f4664000000 ---p 00000000 00:00 0 
7f4664000000-7f4664021000 rw-p 00000000 00:00 0 
7f4664021000-7f4668000000 ---p 00000000 00:00 0 
7f4668000000-7f46680fc000 rw-p 00000000 00:00 0 
7f46680fc000-7f466c000000 ---p 00000000 00:00 0 
7f466c000000-7f466c025000 rw-p 00000000 00:00 0 
7f466c025000-7f4670000000 ---p 00000000 00:00 0 
7f4670000000-7f4670022000 rw-p 00000000 00:00 0 
7f4670022000-7f4674000000 ---p 00000000 00:00 0 
7f4674000000-7f4674021000 rw-p 00000000 00:00 0 
7f4674021000-7f4678000000 ---p 00000000 00:00 0 
7f4678000000-7f4678021000 rw-p 00000000 00:00 0 
7f4678021000-7f467c000000 ---p 00000000 00:00 0 
7f467c000000-7f467c028000 rw-p 00000000 00:00 0 
7f467c028000-7f4680000000 ---p 00000000 00:00 0 
7f4680000000-7f4680021000 rw-p 00000000 00:00 0 
7f4680021000-7f4684000000 ---p 00000000 00:00 0 
7f4684000000-7f4684024000 rw-p 00000000 00:00 0 
7f4684024000-7f4688000000 ---p 00000000 00:00 0 
7f4688000000-7f4688021000 rw-p 00000000 00:00 0 
7f4688021000-7f468c000000 ---p 00000000 00:00 0 
7f468c000000-7f468c021000 rw-p 00000000 00:00 0 
7f468c021000-7f4690000000 ---p 00000000 00:00 0 
7f46905f7000-7f46905f8000 ---p 00000000 00:00 0 
7f46905f8000-7f4690df8000 rw-p 00000000 00:00 0 
7f4690df8000-7f4690df9000 ---p 00000000 00:00 0 
7f4690df9000-7f46915f9000 rw-p 00000000 00:00 0 
7f46915f9000-7f46915fa000 ---p 00000000 00:00 0 
7f46915fa000-7f4691dfa000 rw-p 00000000 00:00 0 
7f4691dfa000-7f4691e18000 r--p 00000000 08:12 11687488                   /usr/lib/jvm/java-21-openjdk-amd64/lib/libawt.so
7f4691e18000-7f4691eb6000 r-xp 0001e000 08:12 11687488                   /usr/lib/jvm/java-21-openjdk-amd64/lib/libawt.so
7f4691eb6000-7f4691ec3000 r--p 000bc000 08:12 11687488                   /usr/lib/jvm/java-21-openjdk-amd64/lib/libawt.so
7f4691ec3000-7f4691ec4000 r--p 000c8000 08:12 11687488                   /usr/lib/jvm/java-21-openjdk-amd64/lib/libawt.so
7f4691ec4000-7f4691ecf000 rw-p 000c9000 08:12 11687488                   /usr/lib/jvm/java-21-openjdk-amd64/lib/libawt.so
7f4691ecf000-7f4691ef4000 rw-p 00000000 00:00 0 
7f4691ef4000-7f4691ef5000 ---p 00000000 00:00 0 
7f4691ef5000-7f4691ef9000 ---p 00000000 00:00 0 
7f4691ef9000-7f4691ff5000 rw-p 00000000 00:00 0 
7f4691ff5000-7f4691ff6000 ---p 00000000 00:00 0 
7f4691ff6000-7f4691ffa000 ---p 00000000 00:00 0 
7f4691ffa000-7f46920f6000 rw-p 00000000 00:00 0 
7f46920f6000-7f46920f7000 ---p 00000000 00:00 0 
7f46920f7000-7f46920fb000 ---p 00000000 00:00 0 
7f46920fb000-7f46921f7000 rw-p 00000000 00:00 0 
7f46921f7000-7f46921f8000 ---p 00000000 00:00 0 
7f46921f8000-7f46921fc000 ---p 00000000 00:00 0 
7f46921fc000-7f46922f8000 rw-p 00000000 00:00 0 
7f46922f8000-7f46922f9000 ---p 00000000 00:00 0 
7f46922f9000-7f46922fd000 ---p 00000000 00:00 0 
7f46922fd000-7f46923f9000 rw-p 00000000 00:00 0 
7f46923f9000-7f46923fa000 ---p 00000000 00:00 0 
7f46923fa000-7f46923fe000 ---p 00000000 00:00 0 
7f46923fe000-7f46924fa000 rw-p 00000000 00:00 0 
7f46924fa000-7f46924fb000 ---p 00000000 00:00 0 
7f46924fb000-7f46924ff000 ---p 00000000 00:00 0 
7f46924ff000-7f46925fb000 rw-p 00000000 00:00 0 
7f46925fb000-7f46925fc000 ---p 00000000 00:00 0 
7f46925fc000-7f4692600000 ---p 00000000 00:00 0 
7f4692600000-7f46926fc000 rw-p 00000000 00:00 0 
7f46926fc000-7f46926fd000 ---p 00000000 00:00 0 
7f46926fd000-7f4692701000 ---p 00000000 00:00 0 
7f4692701000-7f46927fd000 rw-p 00000000 00:00 0 
7f46927fd000-7f46927fe000 ---p 00000000 00:00 0 
7f46927fe000-7f4692ffe000 rw-p 00000000 00:00 0 
7f4692ffe000-7f4692fff000 ---p 00000000 00:00 0 
7f4692fff000-7f46937ff000 rw-p 00000000 00:00 0 
7f46937ff000-7f4693800000 ---p 00000000 00:00 0 
7f4693800000-7f4694000000 rw-p 00000000 00:00 0 
7f4694000000-7f4694021000 rw-p 00000000 00:00 0 
7f4694021000-7f4698000000 ---p 00000000 00:00 0 
7f4698000000-7f4698021000 rw-p 00000000 00:00 0 
7f4698021000-7f469c000000 ---p 00000000 00:00 0 
7f469c000000-7f469c021000 rw-p 00000000 00:00 0 
7f469c021000-7f46a0000000 ---p 00000000 00:00 0 
7f46a0000000-7f46a0021000 rw-p 00000000 00:00 0 
7f46a0021000-7f46a4000000 ---p 00000000 00:00 0 
7f46a4000000-7f46a4021000 rw-p 00000000 00:00 0 
7f46a4021000-7f46a8000000 ---p 00000000 00:00 0 
7f46a8000000-7f46a8021000 rw-p 00000000 00:00 0 
7f46a8021000-7f46ac000000 ---p 00000000 00:00 0 
7f46ac000000-7f46ac084000 rw-p 00000000 00:00 0 
7f46ac084000-7f46b0000000 ---p 00000000 00:00 0 
7f46b0000000-7f46b0021000 rw-p 00000000 00:00 0 
7f46b0021000-7f46b4000000 ---p 00000000 00:00 0 
7f46b402b000-7f46b40f6000 rw-p 00000000 00:00 0 
7f46b40f6000-7f46b40f7000 ---p 00000000 00:00 0 
7f46b40f7000-7f46b40fb000 ---p 00000000 00:00 0 
7f46b40fb000-7f46b41f7000 rw-p 00000000 00:00 0 
7f46b41f7000-7f46b41f8000 ---p 00000000 00:00 0 
7f46b41f8000-7f46b41fc000 ---p 00000000 00:00 0 
7f46b41fc000-7f46b42f8000 rw-p 00000000 00:00 0 
7f46b42f8000-7f46b42f9000 ---p 00000000 00:00 0 
7f46b42f9000-7f46b42fd000 ---p 00000000 00:00 0 
7f46b42fd000-7f46b43f9000 rw-p 00000000 00:00 0 
7f46b43f9000-7f46b45f9000 rw-s 10c89c000 00:06 360                       /dev/dri/renderD128
7f46b45f9000-7f46b47f9000 rw-s 1520ba000 00:06 360                       /dev/dri/renderD128
7f46b47f9000-7f46b47fa000 ---p 00000000 00:00 0 
7f46b47fa000-7f46b4ffa000 rw-p 00000000 00:00 0 
7f46b4ffa000-7f46b4ffb000 ---p 00000000 00:00 0 
7f46b4ffb000-7f46b57fb000 rw-p 00000000 00:00 0 
7f46b57fb000-7f46b57fc000 ---p 00000000 00:00 0 
7f46b57fc000-7f46b5ffc000 rw-p 00000000 00:00 0 
7f46b5ffc000-7f46b5ffd000 ---p 00000000 00:00 0 
7f46b5ffd000-7f46b67fd000 rw-p 00000000 00:00 0 
7f46b67fd000-7f46b67fe000 ---p 00000000 00:00 0 
7f46b67fe000-7f46b6ffe000 rw-p 00000000 00:00 0 
7f46b6ffe000-7f46b6fff000 ---p 00000000 00:00 0 
7f46b6fff000-7f46b77ff000 rw-p 00000000 00:00 0 
7f46b77ff000-7f46b7800000 ---p 00000000 00:00 0 
7f46b7800000-7f46b8000000 rw-p 00000000 00:00 0 
7f46b8000000-7f46b8021000 rw-p 00000000 00:00 0 
7f46b8021000-7f46bc000000 ---p 00000000 00:00 0 
7f46bc000000-7f46bc200000 rw-s 154865000 00:06 360                       /dev/dri/renderD128
7f46bc200000-7f46c37f9000 r-xp 00000000 08:12 11313735                   /usr/lib/x86_64-linux-gnu/libLLVM.so.19.1
7f46c37f9000-7f46c3d63000 r--p 075f8000 08:12 11313735                   /usr/lib/x86_64-linux-gnu/libLLVM.so.19.1
7f46c3d63000-7f46c3dab000 rw-p 07b62000 08:12 11313735                   /usr/lib/x86_64-linux-gnu/libLLVM.so.19.1
7f46c3dab000-7f46c3e4a000 rw-p 00000000 00:00 0 
7f46c3eff000-7f46c3f00000 ---p 00000000 00:00 0 
7f46c3f00000-7f46c3f04000 ---p 00000000 00:00 0 
7f46c3f04000-7f46c4000000 rw-p 00000000 00:00 0 
7f46c4000000-7f46c40a1000 rw-p 00000000 00:00 0 
7f46c40a1000-7f46c8000000 ---p 00000000 00:00 0 
7f46c8068000-7f46c8077000 r--p 00000000 08:12 11687650                   /usr/lib/jvm/java-21-openjdk-amd64/lib/libawt_xawt.so
7f46c8077000-7f46c80bf000 r-xp 0000f000 08:12 11687650                   /usr/lib/jvm/java-21-openjdk-amd64/lib/libawt_xawt.so
7f46c80bf000-7f46c80d3000 r--p 00057000 08:12 11687650                   /usr/lib/jvm/java-21-openjdk-amd64/lib/libawt_xawt.so
7f46c80d3000-7f46c80d5000 r--p 0006b000 08:12 11687650                   /usr/lib/jvm/java-21-openjdk-amd64/lib/libawt_xawt.so
7f46c80d5000-7f46c80d7000 rw-p 0006d000 08:12 11687650                   /usr/lib/jvm/java-21-openjdk-amd64/lib/libawt_xawt.so
7f46c80d7000-7f46c80d9000 rw-p 00000000 00:00 0 
7f46c80d9000-7f46c80ee000 r-xp 00000000 00:29 1305                       /tmp/lwjgl_unit-grief/3.4.1+2/x64/liblwjgl_opengl.so
7f46c80ee000-7f46c8131000 r--p 00015000 00:29 1305                       /tmp/lwjgl_unit-grief/3.4.1+2/x64/liblwjgl_opengl.so
7f46c8131000-7f46c8132000 r--p 00057000 00:29 1305                       /tmp/lwjgl_unit-grief/3.4.1+2/x64/liblwjgl_opengl.so
7f46c8132000-7f46c8133000 rw-p 00058000 00:29 1305                       /tmp/lwjgl_unit-grief/3.4.1+2/x64/liblwjgl_opengl.so
7f46c8133000-7f46c81fe000 rw-p 00000000 00:00 0 
7f46c81fe000-7f46c83fe000 rw-s 12d4dd000 00:06 360                       /dev/dri/renderD128
7f46c83fe000-7f46c83ff000 ---p 00000000 00:00 0 
7f46c83ff000-7f46c8bff000 rw-p 00000000 00:00 0 
7f46c8bff000-7f46c8c00000 ---p 00000000 00:00 0 
7f46c8c00000-7f46c9400000 rw-p 00000000 00:00 0 
7f46c9400000-7f46c94e1000 r--p 00000000 08:12 11313744                   /usr/lib/x86_64-linux-gnu/libgallium-25.0.7-2+deb13u1.so
7f46c94e1000-7f46cac1c000 r-xp 000e1000 08:12 11313744                   /usr/lib/x86_64-linux-gnu/libgallium-25.0.7-2+deb13u1.so
7f46cac1c000-7f46cbb6e000 r--p 0181c000 08:12 11313744                   /usr/lib/x86_64-linux-gnu/libgallium-25.0.7-2+deb13u1.so
7f46cbb6e000-7f46cbc7f000 r--p 0276e000 08:12 11313744                   /usr/lib/x86_64-linux-gnu/libgallium-25.0.7-2+deb13u1.so
7f46cbc7f000-7f46cbc98000 rw-p 0287f000 08:12 11313744                   /usr/lib/x86_64-linux-gnu/libgallium-25.0.7-2+deb13u1.so
7f46cbc98000-7f46cbe5a000 rw-p 00000000 00:00 0 
7f46cbe84000-7f46cc021000 rw-p 00000000 00:00 0 
7f46cc021000-7f46d0000000 ---p 00000000 00:00 0 
7f46d0000000-7f46d0021000 rw-p 00000000 00:00 0 
7f46d0021000-7f46d4000000 ---p 00000000 00:00 0 
7f46d4000000-7f46d4257000 rw-p 00000000 00:00 0 
7f46d4257000-7f46d8000000 ---p 00000000 00:00 0 
7f46d8000000-7f46d82bc000 rw-p 00000000 00:00 0 
7f46d82bc000-7f46dc000000 ---p 00000000 00:00 0 
7f46dc000000-7f46dc021000 rw-p 00000000 00:00 0 
7f46dc021000-7f46e0000000 ---p 00000000 00:00 0 
7f46e0000000-7f46e0021000 rw-p 00000000 00:00 0 
7f46e0021000-7f46e4000000 ---p 00000000 00:00 0 
7f46e4000000-7f46e4021000 rw-p 00000000 00:00 0 
7f46e4021000-7f46e8000000 ---p 00000000 00:00 0 
7f46e8000000-7f46e8021000 rw-p 00000000 00:00 0 
7f46e8021000-7f46ec000000 ---p 00000000 00:00 0 
7f46ec000000-7f46ec021000 rw-p 00000000 00:00 0 
7f46ec021000-7f46f0000000 ---p 00000000 00:00 0 
7f46f0000000-7f46f0021000 rw-p 00000000 00:00 0 
7f46f0021000-7f46f4000000 ---p 00000000 00:00 0 
7f46f4000000-7f46f4230000 rw-p 00000000 00:00 0 
7f46f4230000-7f46f4400000 ---p 00000000 00:00 0 
7f46f4400000-7f46f45a0000 rw-p 00000000 00:00 0 
7f46f45a0000-7f46f8000000 ---p 00000000 00:00 0 
7f46f8000000-7f46f8021000 rw-p 00000000 00:00 0 
7f46f8021000-7f46fc000000 ---p 00000000 00:00 0 
7f46fc055000-7f46fc106000 rw-p 00000000 00:00 0 
7f46fc106000-7f46fc247000 rw-s 00000000 08:12 23986207                   /home/unit-grief/.cache/mesa_shader_cache_db/index
7f46fc247000-7f46fc248000 ---p 00000000 00:00 0 
7f46fc248000-7f46fca48000 rw-p 00000000 00:00 0 
7f46fca48000-7f46fca77000 r--p 00000000 08:12 11295477                   /usr/lib/x86_64-linux-gnu/libxml2.so.2.9.14
7f46fca77000-7f46fcb9e000 r-xp 0002f000 08:12 11295477                   /usr/lib/x86_64-linux-gnu/libxml2.so.2.9.14
7f46fcb9e000-7f46fcbf5000 r--p 00156000 08:12 11295477                   /usr/lib/x86_64-linux-gnu/libxml2.so.2.9.14
7f46fcbf5000-7f46fcbfe000 r--p 001ad000 08:12 11295477                   /usr/lib/x86_64-linux-gnu/libxml2.so.2.9.14
7f46fcbfe000-7f46fcbff000 rw-p 001b6000 08:12 11295477                   /usr/lib/x86_64-linux-gnu/libxml2.so.2.9.14
7f46fcbff000-7f46fcc00000 rw-p 00000000 00:00 0 
7f46fcc00000-7f46fcc9c000 r--p 00000000 08:12 11313734                   /usr/lib/x86_64-linux-gnu/libz3.so.4
7f46fcc9c000-7f46fe286000 r-xp 0009c000 08:12 11313734                   /usr/lib/x86_64-linux-gnu/libz3.so.4
7f46fe286000-7f46fe644000 r--p 01686000 08:12 11313734                   /usr/lib/x86_64-linux-gnu/libz3.so.4
7f46fe644000-7f46fe677000 r--p 01a43000 08:12 11313734                   /usr/lib/x86_64-linux-gnu/libz3.so.4
7f46fe677000-7f46fe678000 rw-p 01a76000 08:12 11313734                   /usr/lib/x86_64-linux-gnu/libz3.so.4
7f46fe678000-7f46fe679000 rw-p 00000000 00:00 0 
7f46fe6b8000-7f46fe6ba000 r--p 00000000 08:12 11311875                   /usr/lib/x86_64-linux-gnu/libXtst.so.6.1.0
7f46fe6ba000-7f46fe6bd000 r-xp 00002000 08:12 11311875                   /usr/lib/x86_64-linux-gnu/libXtst.so.6.1.0
7f46fe6bd000-7f46fe6be000 r--p 00005000 08:12 11311875                   /usr/lib/x86_64-linux-gnu/libXtst.so.6.1.0
7f46fe6be000-7f46fe6bf000 r--p 00005000 08:12 11311875                   /usr/lib/x86_64-linux-gnu/libXtst.so.6.1.0
7f46fe6bf000-7f46fe6c0000 rw-p 00006000 08:12 11311875                   /usr/lib/x86_64-linux-gnu/libXtst.so.6.1.0
7f46fe6c0000-7f46fe703000 rw-p 00000000 00:00 0 
7f46fe703000-7f46fe732000 r--p 00000000 08:12 11279825                   /usr/share/locale/ru/LC_MESSAGES/libc.mo
7f46fe732000-7f46fe734000 r--p 00000000 08:12 11273509                   /usr/lib/x86_64-linux-gnu/libmd.so.0.1.0
7f46fe734000-7f46fe73d000 r-xp 00002000 08:12 11273509                   /usr/lib/x86_64-linux-gnu/libmd.so.0.1.0
7f46fe73d000-7f46fe73f000 r--p 0000b000 08:12 11273509                   /usr/lib/x86_64-linux-gnu/libmd.so.0.1.0
7f46fe73f000-7f46fe740000 r--p 0000d000 08:12 11273509                   /usr/lib/x86_64-linux-gnu/libmd.so.0.1.0
7f46fe740000-7f46fe741000 rw-p 0000e000 08:12 11273509                   /usr/lib/x86_64-linux-gnu/libmd.so.0.1.0
7f46fe741000-7f46fe745000 r--p 00000000 08:12 11272541                   /usr/lib/x86_64-linux-gnu/liblzma.so.5.8.1
7f46fe745000-7f46fe764000 r-xp 00004000 08:12 11272541                   /usr/lib/x86_64-linux-gnu/liblzma.so.5.8.1
7f46fe764000-7f46fe770000 r--p 00023000 08:12 11272541                   /usr/lib/x86_64-linux-gnu/liblzma.so.5.8.1
7f46fe770000-7f46fe771000 r--p 0002f000 08:12 11272541                   /usr/lib/x86_64-linux-gnu/liblzma.so.5.8.1
7f46fe771000-7f46fe772000 rw-p 00030000 08:12 11272541                   /usr/lib/x86_64-linux-gnu/liblzma.so.5.8.1
7f46fe772000-7f46fe776000 r--p 00000000 08:12 11274077                   /usr/lib/x86_64-linux-gnu/libbsd.so.0.12.2
7f46fe776000-7f46fe782000 r-xp 00004000 08:12 11274077                   /usr/lib/x86_64-linux-gnu/libbsd.so.0.12.2
7f46fe782000-7f46fe785000 r--p 00010000 08:12 11274077                   /usr/lib/x86_64-linux-gnu/libbsd.so.0.12.2
7f46fe785000-7f46fe786000 r--p 00013000 08:12 11274077                   /usr/lib/x86_64-linux-gnu/libbsd.so.0.12.2
7f46fe786000-7f46fe787000 rw-p 00014000 08:12 11274077                   /usr/lib/x86_64-linux-gnu/libbsd.so.0.12.2
7f46fe787000-7f46fe788000 rw-p 00000000 00:00 0 
7f46fe788000-7f46fe797000 r--p 00000000 08:12 11272210                   /usr/lib/x86_64-linux-gnu/libtinfo.so.6.5
7f46fe797000-7f46fe7ab000 r-xp 0000f000 08:12 11272210                   /usr/lib/x86_64-linux-gnu/libtinfo.so.6.5
7f46fe7ab000-7f46fe7b9000 r--p 00023000 08:12 11272210                   /usr/lib/x86_64-linux-gnu/libtinfo.so.6.5
7f46fe7b9000-7f46fe7bd000 r--p 00031000 08:12 11272210                   /usr/lib/x86_64-linux-gnu/libtinfo.so.6.5
7f46fe7bd000-7f46fe7be000 rw-p 00035000 08:12 11272210                   /usr/lib/x86_64-linux-gnu/libtinfo.so.6.5
7f46fe7be000-7f46fe7c1000 r--p 00000000 08:12 11313730                   /usr/lib/x86_64-linux-gnu/libpciaccess.so.0.11.1
7f46fe7c1000-7f46fe7c6000 r-xp 00003000 08:12 11313730                   /usr/lib/x86_64-linux-gnu/libpciaccess.so.0.11.1
7f46fe7c6000-7f46fe7c8000 r--p 00008000 08:12 11313730                   /usr/lib/x86_64-linux-gnu/libpciaccess.so.0.11.1
7f46fe7c8000-7f46fe7c9000 r--p 00009000 08:12 11313730                   /usr/lib/x86_64-linux-gnu/libpciaccess.so.0.11.1
7f46fe7c9000-7f46fe7ca000 rw-p 0000a000 08:12 11313730                   /usr/lib/x86_64-linux-gnu/libpciaccess.so.0.11.1
7f46fe7ca000-7f46fe7d3000 r--p 00000000 08:12 11278899                   /usr/lib/x86_64-linux-gnu/libedit.so.2.0.75
7f46fe7d3000-7f46fe7f0000 r-xp 00009000 08:12 11278899                   /usr/lib/x86_64-linux-gnu/libedit.so.2.0.75
7f46fe7f0000-7f46fe7fe000 r--p 00026000 08:12 11278899                   /usr/lib/x86_64-linux-gnu/libedit.so.2.0.75
7f46fe7fe000-7f46fe800000 r--p 00033000 08:12 11278899                   /usr/lib/x86_64-linux-gnu/libedit.so.2.0.75
7f46fe800000-7f46fe801000 rw-p 00035000 08:12 11278899                   /usr/lib/x86_64-linux-gnu/libedit.so.2.0.75
7f46fe801000-7f46fe805000 rw-p 00000000 00:00 0 
7f46fe805000-7f46fe807000 r--p 00000000 08:12 11293924                   /usr/lib/x86_64-linux-gnu/libffi.so.8.1.4
7f46fe807000-7f46fe80e000 r-xp 00002000 08:12 11293924                   /usr/lib/x86_64-linux-gnu/libffi.so.8.1.4
7f46fe80e000-7f46fe810000 r--p 00009000 08:12 11293924                   /usr/lib/x86_64-linux-gnu/libffi.so.8.1.4
7f46fe810000-7f46fe811000 r--p 0000a000 08:12 11293924                   /usr/lib/x86_64-linux-gnu/libffi.so.8.1.4
7f46fe811000-7f46fe812000 rw-p 0000b000 08:12 11293924                   /usr/lib/x86_64-linux-gnu/libffi.so.8.1.4
7f46fe812000-7f46fe815000 r--p 00000000 08:12 11313732                   /usr/lib/x86_64-linux-gnu/libdrm_intel.so.1.124.0
7f46fe815000-7f46fe82b000 r-xp 00003000 08:12 11313732                   /usr/lib/x86_64-linux-gnu/libdrm_intel.so.1.124.0
7f46fe82b000-7f46fe835000 r--p 00019000 08:12 11313732                   /usr/lib/x86_64-linux-gnu/libdrm_intel.so.1.124.0
7f46fe835000-7f46fe836000 r--p 00023000 08:12 11313732                   /usr/lib/x86_64-linux-gnu/libdrm_intel.so.1.124.0
7f46fe836000-7f46fe837000 rw-p 00024000 08:12 11313732                   /usr/lib/x86_64-linux-gnu/libdrm_intel.so.1.124.0
7f46fe837000-7f46fe83a000 r--p 00000000 08:12 11313728                   /usr/lib/x86_64-linux-gnu/libdrm_amdgpu.so.1.124.0
7f46fe83a000-7f46fe840000 r-xp 00003000 08:12 11313728                   /usr/lib/x86_64-linux-gnu/libdrm_amdgpu.so.1.124.0
7f46fe840000-7f46fe842000 r--p 00009000 08:12 11313728                   /usr/lib/x86_64-linux-gnu/libdrm_amdgpu.so.1.124.0
7f46fe842000-7f46fe843000 r--p 0000a000 08:12 11313728                   /usr/lib/x86_64-linux-gnu/libdrm_amdgpu.so.1.124.0
7f46fe843000-7f46fe844000 rw-p 0000b000 08:12 11313728                   /usr/lib/x86_64-linux-gnu/libdrm_amdgpu.so.1.124.0
7f46fe844000-7f46fe847000 r--p 00000000 08:12 11278564                   /usr/lib/x86_64-linux-gnu/libelf-0.192.so
7f46fe847000-7f46fe85b000 r-xp 00003000 08:12 11278564                   /usr/lib/x86_64-linux-gnu/libelf-0.192.so
7f46fe85b000-7f46fe860000 r--p 00017000 08:12 11278564                   /usr/lib/x86_64-linux-gnu/libelf-0.192.so
7f46fe860000-7f46fe861000 r--p 0001b000 08:12 11278564                   /usr/lib/x86_64-linux-gnu/libelf-0.192.so
7f46fe861000-7f46fe862000 rw-p 0001c000 08:12 11278564                   /usr/lib/x86_64-linux-gnu/libelf-0.192.so
7f46fe862000-7f46fe863000 r--p 00000000 08:12 11313742                   /usr/lib/x86_64-linux-gnu/libxshmfence.so.1.0.0
7f46fe863000-7f46fe864000 r-xp 00001000 08:12 11313742                   /usr/lib/x86_64-linux-gnu/libxshmfence.so.1.0.0
7f46fe864000-7f46fe865000 r--p 00002000 08:12 11313742                   /usr/lib/x86_64-linux-gnu/libxshmfence.so.1.0.0
7f46fe865000-7f46fe866000 r--p 00002000 08:12 11313742                   /usr/lib/x86_64-linux-gnu/libxshmfence.so.1.0.0
7f46fe866000-7f46fe867000 rw-p 00003000 08:12 11313742                   /usr/lib/x86_64-linux-gnu/libxshmfence.so.1.0.0
7f46fe867000-7f46fe86a000 r--p 00000000 08:12 11313740                   /usr/lib/x86_64-linux-gnu/libxcb-sync.so.1.0.0
7f46fe86a000-7f46fe86d000 r-xp 00003000 08:12 11313740                   /usr/lib/x86_64-linux-gnu/libxcb-sync.so.1.0.0
7f46fe86d000-7f46fe86e000 r--p 00006000 08:12 11313740                   /usr/lib/x86_64-linux-gnu/libxcb-sync.so.1.0.0
7f46fe86e000-7f46fe86f000 r--p 00007000 08:12 11313740                   /usr/lib/x86_64-linux-gnu/libxcb-sync.so.1.0.0
7f46fe86f000-7f46fe870000 rw-p 00008000 08:12 11313740                   /usr/lib/x86_64-linux-gnu/libxcb-sync.so.1.0.0
7f46fe870000-7f46fe877000 r--p 00000000 08:12 11313738                   /usr/lib/x86_64-linux-gnu/libxcb-randr.so.0.1.0
7f46fe877000-7f46fe87d000 r-xp 00007000 08:12 11313738                   /usr/lib/x86_64-linux-gnu/libxcb-randr.so.0.1.0
7f46fe87d000-7f46fe880000 r--p 0000d000 08:12 11313738                   /usr/lib/x86_64-linux-gnu/libxcb-randr.so.0.1.0
7f46fe880000-7f46fe881000 r--p 00010000 08:12 11313738                   /usr/lib/x86_64-linux-gnu/libxcb-randr.so.0.1.0
7f46fe881000-7f46fe882000 rw-p 00011000 08:12 11313738                   /usr/lib/x86_64-linux-gnu/libxcb-randr.so.0.1.0
7f46fe882000-7f46fe885000 r--p 00000000 08:12 11306862                   /usr/lib/x86_64-linux-gnu/libsensors.so.5.0.0
7f46fe885000-7f46fe88d000 r-xp 00003000 08:12 11306862                   /usr/lib/x86_64-linux-gnu/libsensors.so.5.0.0
7f46fe88d000-7f46fe892000 r--p 0000b000 08:12 11306862                   /usr/lib/x86_64-linux-gnu/libsensors.so.5.0.0
7f46fe892000-7f46fe893000 r--p 00010000 08:12 11306862                   /usr/lib/x86_64-linux-gnu/libsensors.so.5.0.0
7f46fe893000-7f46fe894000 rw-p 00011000 08:12 11306862                   /usr/lib/x86_64-linux-gnu/libsensors.so.5.0.0
7f46fe894000-7f46fe899000 r--p 00000000 08:12 11274465                   /usr/lib/x86_64-linux-gnu/libzstd.so.1.5.7
7f46fe899000-7f46fe948000 r-xp 00005000 08:12 11274465                   /usr/lib/x86_64-linux-gnu/libzstd.so.1.5.7
7f46fe948000-7f46fe95c000 r--p 000b4000 08:12 11274465                   /usr/lib/x86_64-linux-gnu/libzstd.so.1.5.7
7f46fe95c000-7f46fe95d000 r--p 000c8000 08:12 11274465                   /usr/lib/x86_64-linux-gnu/libzstd.so.1.5.7
7f46fe95d000-7f46fe95e000 rw-p 000c9000 08:12 11274465                   /usr/lib/x86_64-linux-gnu/libzstd.so.1.5.7
7f46fe95e000-7f46fe961000 r--p 00000000 08:12 11313724                   /usr/lib/x86_64-linux-gnu/libxcb-xfixes.so.0.0.0
7f46fe961000-7f46fe964000 r-xp 00003000 08:12 11313724                   /usr/lib/x86_64-linux-gnu/libxcb-xfixes.so.0.0.0
7f46fe964000-7f46fe965000 r--p 00006000 08:12 11313724                   /usr/lib/x86_64-linux-gnu/libxcb-xfixes.so.0.0.0
7f46fe965000-7f46fe966000 r--p 00007000 08:12 11313724                   /usr/lib/x86_64-linux-gnu/libxcb-xfixes.so.0.0.0
7f46fe966000-7f46fe967000 rw-p 00008000 08:12 11313724                   /usr/lib/x86_64-linux-gnu/libxcb-xfixes.so.0.0.0
7f46fe967000-7f46fe968000 r--p 00000000 08:12 11313722                   /usr/lib/x86_64-linux-gnu/libxcb-present.so.0.0.0
7f46fe968000-7f46fe969000 r-xp 00001000 08:12 11313722                   /usr/lib/x86_64-linux-gnu/libxcb-present.so.0.0.0
7f46fe969000-7f46fe96a000 r--p 00002000 08:12 11313722                   /usr/lib/x86_64-linux-gnu/libxcb-present.so.0.0.0
7f46fe96a000-7f46fe96b000 r--p 00002000 08:12 11313722                   /usr/lib/x86_64-linux-gnu/libxcb-present.so.0.0.0
7f46fe96b000-7f46fe96c000 rw-p 00003000 08:12 11313722                   /usr/lib/x86_64-linux-gnu/libxcb-present.so.0.0.0
7f46fe96c000-7f46fe96e000 r--p 00000000 08:12 11313718                   /usr/lib/x86_64-linux-gnu/libxcb-dri3.so.0.1.0
7f46fe96e000-7f46fe970000 r-xp 00002000 08:12 11313718                   /usr/lib/x86_64-linux-gnu/libxcb-dri3.so.0.1.0
7f46fe970000-7f46fe971000 r--p 00004000 08:12 11313718                   /usr/lib/x86_64-linux-gnu/libxcb-dri3.so.0.1.0
7f46fe971000-7f46fe972000 r--p 00004000 08:12 11313718                   /usr/lib/x86_64-linux-gnu/libxcb-dri3.so.0.1.0
7f46fe972000-7f46fe973000 rw-p 00005000 08:12 11313718                   /usr/lib/x86_64-linux-gnu/libxcb-dri3.so.0.1.0
7f46fe973000-7f46fe977000 r--p 00000000 08:12 11293791                   /usr/lib/x86_64-linux-gnu/libexpat.so.1.10.2
7f46fe977000-7f46fe994000 r-xp 00004000 08:12 11293791                   /usr/lib/x86_64-linux-gnu/libexpat.so.1.10.2
7f46fe994000-7f46fe99c000 r--p 00021000 08:12 11293791                   /usr/lib/x86_64-linux-gnu/libexpat.so.1.10.2
7f46fe99c000-7f46fe99e000 r--p 00029000 08:12 11293791                   /usr/lib/x86_64-linux-gnu/libexpat.so.1.10.2
7f46fe99e000-7f46fe99f000 rw-p 0002b000 08:12 11293791                   /usr/lib/x86_64-linux-gnu/libexpat.so.1.10.2
7f46fe99f000-7f46fe9aa000 r--p 00000000 08:12 11313720                   /usr/lib/x86_64-linux-gnu/libxcb-glx.so.0.0.0
7f46fe9aa000-7f46fe9b4000 r-xp 0000b000 08:12 11313720                   /usr/lib/x86_64-linux-gnu/libxcb-glx.so.0.0.0
7f46fe9b4000-7f46fe9b9000 r--p 00015000 08:12 11313720                   /usr/lib/x86_64-linux-gnu/libxcb-glx.so.0.0.0
7f46fe9b9000-7f46fe9bb000 r--p 0001a000 08:12 11313720                   /usr/lib/x86_64-linux-gnu/libxcb-glx.so.0.0.0
7f46fe9bb000-7f46fe9bc000 rw-p 0001c000 08:12 11313720                   /usr/lib/x86_64-linux-gnu/libxcb-glx.so.0.0.0
7f46fe9bc000-7f46fe9d7000 r--p 00000000 08:12 11313751                   /usr/lib/x86_64-linux-gnu/libGLX_mesa.so.0.0.0
7f46fe9d7000-7f46fea0f000 r-xp 0001b000 08:12 11313751                   /usr/lib/x86_64-linux-gnu/libGLX_mesa.so.0.0.0
7f46fea0f000-7f46fea23000 r--p 00053000 08:12 11313751                   /usr/lib/x86_64-linux-gnu/libGLX_mesa.so.0.0.0
7f46fea23000-7f46fea28000 r--p 00067000 08:12 11313751                   /usr/lib/x86_64-linux-gnu/libGLX_mesa.so.0.0.0
7f46fea28000-7f46fea29000 rw-p 0006c000 08:12 11313751                   /usr/lib/x86_64-linux-gnu/libGLX_mesa.so.0.0.0
7f46fea29000-7f46fea2a000 rw-p 00000000 00:00 0 
7f46fea2a000-7f46fea6b000 r--p 00000000 08:12 11300979                   /usr/lib/x86_64-linux-gnu/libGLdispatch.so.0.0.0
7f46fea6b000-7f46feaaa000 r-xp 00041000 08:12 11300979                   /usr/lib/x86_64-linux-gnu/libGLdispatch.so.0.0.0
7f46feaaa000-7f46feabe000 r--p 00080000 08:12 11300979                   /usr/lib/x86_64-linux-gnu/libGLdispatch.so.0.0.0
7f46feabe000-7f46feada000 r--p 00094000 08:12 11300979                   /usr/lib/x86_64-linux-gnu/libGLdispatch.so.0.0.0
7f46feada000-7f46feadb000 rw-p 000b0000 08:12 11300979                   /usr/lib/x86_64-linux-gnu/libGLdispatch.so.0.0.0
7f46feadb000-7f46feae3000 rw-p 00000000 00:00 0 
7f46feae3000-7f46feae6000 r--p 00000000 08:12 11313754                   /usr/lib/x86_64-linux-gnu/libGLX.so.0.0.0
7f46feae6000-7f46feb01000 r-xp 00003000 08:12 11313754                   /usr/lib/x86_64-linux-gnu/libGLX.so.0.0.0
7f46feb01000-7f46feb05000 r--p 0001e000 08:12 11313754                   /usr/lib/x86_64-linux-gnu/libGLX.so.0.0.0
7f46feb05000-7f46feb06000 r--p 00021000 08:12 11313754                   /usr/lib/x86_64-linux-gnu/libGLX.so.0.0.0
7f46feb06000-7f46feb07000 rw-p 00022000 08:12 11313754                   /usr/lib/x86_64-linux-gnu/libGLX.so.0.0.0
7f46feb07000-7f46feb17000 rw-p 00000000 00:00 0 
7f46feb17000-7f46feb33000 r--p 00000000 08:12 11295463                   /usr/lib/x86_64-linux-gnu/libX11.so.6.4.0
7f46feb33000-7f46febc3000 r-xp 0001c000 08:12 11295463                   /usr/lib/x86_64-linux-gnu/libX11.so.6.4.0
7f46febc3000-7f46fec59000 r--p 000ac000 08:12 11295463                   /usr/lib/x86_64-linux-gnu/libX11.so.6.4.0
7f46fec59000-7f46fec5a000 r--p 00142000 08:12 11295463                   /usr/lib/x86_64-linux-gnu/libX11.so.6.4.0
7f46fec5a000-7f46fec5f000 rw-p 00143000 08:12 11295463                   /usr/lib/x86_64-linux-gnu/libX11.so.6.4.0
7f46fec5f000-7f46fec84000 r-xp 00000000 00:29 1304                       /tmp/lwjgl_unit-grief/3.4.1+2/x64/libglfw.so
7f46fec84000-7f46fecd3000 r--p 00025000 00:29 1304                       /tmp/lwjgl_unit-grief/3.4.1+2/x64/libglfw.so
7f46fecd3000-7f46fecd7000 r--p 00074000 00:29 1304                       /tmp/lwjgl_unit-grief/3.4.1+2/x64/libglfw.so
7f46fecd7000-7f46fecda000 rw-p 00078000 00:29 1304                       /tmp/lwjgl_unit-grief/3.4.1+2/x64/libglfw.so
7f46fecda000-7f46fecfd000 rw-p 00000000 00:00 0 
7f46fecfd000-7f46fecfe000 ---p 00000000 00:00 0 
7f46fecfe000-7f46fed02000 ---p 00000000 00:00 0 
7f46fed02000-7f46fedfe000 rw-p 00000000 00:00 0 
7f46fedfe000-7f46fedff000 ---p 00000000 00:00 0 
7f46fedff000-7f46fee03000 ---p 00000000 00:00 0 
7f46fee03000-7f46feeff000 rw-p 00000000 00:00 0 
7f46feeff000-7f46fef00000 ---p 00000000 00:00 0 
7f46fef00000-7f46fef04000 ---p 00000000 00:00 0 
7f46fef04000-7f46ff000000 rw-p 00000000 00:00 0 
7f46ff000000-7f46ffc9c000 rw-p 00001000 08:12 11687524                   /usr/lib/jvm/java-21-openjdk-amd64/lib/server/classes.jsa
7f46ffc9c000-7f4700000000 ---p 00000000 00:00 0 
7f4700000000-7f4700040000 rw-p 00000000 00:00 0 
7f4700040000-7f4700080000 rw-p 00000000 00:00 0 
7f4700080000-7f4740000000 ---p 00000000 00:00 0 
7f4740000000-7f4740021000 rw-p 00000000 00:00 0 
7f4740021000-7f4744000000 ---p 00000000 00:00 0 
7f4744000000-7f4744021000 rw-p 00000000 00:00 0 
7f4744021000-7f4748000000 ---p 00000000 00:00 0 
7f4748000000-7f4748021000 rw-p 00000000 00:00 0 
7f4748021000-7f474c000000 ---p 00000000 00:00 0 
7f474c000000-7f474c021000 rw-p 00000000 00:00 0 
7f474c021000-7f4750000000 ---p 00000000 00:00 0 
7f4750000000-7f4750021000 rw-p 00000000 00:00 0 
7f4750021000-7f4754000000 ---p 00000000 00:00 0 
7f4754000000-7f4754001000 r--p 00000000 08:12 11298497                   /usr/lib/x86_64-linux-gnu/libxcb-shm.so.0.0.0
7f4754001000-7f4754002000 r-xp 00001000 08:12 11298497                   /usr/lib/x86_64-linux-gnu/libxcb-shm.so.0.0.0
7f4754002000-7f4754003000 r--p 00002000 08:12 11298497                   /usr/lib/x86_64-linux-gnu/libxcb-shm.so.0.0.0
7f4754003000-7f4754004000 r--p 00002000 08:12 11298497                   /usr/lib/x86_64-linux-gnu/libxcb-shm.so.0.0.0
7f4754004000-7f4754005000 rw-p 00003000 08:12 11298497                   /usr/lib/x86_64-linux-gnu/libxcb-shm.so.0.0.0
7f4754005000-7f475400a000 r--p 00000000 08:12 11302055                   /usr/lib/x86_64-linux-gnu/libdrm.so.2.124.0
7f475400a000-7f4754016000 r-xp 00005000 08:12 11302055                   /usr/lib/x86_64-linux-gnu/libdrm.so.2.124.0
7f4754016000-7f475401a000 r--p 00011000 08:12 11302055                   /usr/lib/x86_64-linux-gnu/libdrm.so.2.124.0
7f475401a000-7f475401b000 r--p 00015000 08:12 11302055                   /usr/lib/x86_64-linux-gnu/libdrm.so.2.124.0
7f475401b000-7f475401c000 rw-p 00016000 08:12 11302055                   /usr/lib/x86_64-linux-gnu/libdrm.so.2.124.0
7f475401c000-7f475401d000 r--p 00000000 08:12 11303676                   /usr/lib/x86_64-linux-gnu/libX11-xcb.so.1.0.0
7f475401d000-7f475401e000 r-xp 00001000 08:12 11303676                   /usr/lib/x86_64-linux-gnu/libX11-xcb.so.1.0.0
7f475401e000-7f475401f000 r--p 00002000 08:12 11303676                   /usr/lib/x86_64-linux-gnu/libX11-xcb.so.1.0.0
7f475401f000-7f4754020000 r--p 00002000 08:12 11303676                   /usr/lib/x86_64-linux-gnu/libX11-xcb.so.1.0.0
7f4754020000-7f4754021000 rw-p 00003000 08:12 11303676                   /usr/lib/x86_64-linux-gnu/libX11-xcb.so.1.0.0
7f4754021000-7f4754024000 r--p 00000000 08:12 11300941                   /usr/lib/x86_64-linux-gnu/libXcursor.so.1.0.2
7f4754024000-7f475402a000 r-xp 00003000 08:12 11300941                   /usr/lib/x86_64-linux-gnu/libXcursor.so.1.0.2
7f475402a000-7f475402c000 r--p 00009000 08:12 11300941                   /usr/lib/x86_64-linux-gnu/libXcursor.so.1.0.2
7f475402c000-7f475402d000 r--p 0000a000 08:12 11300941                   /usr/lib/x86_64-linux-gnu/libXcursor.so.1.0.2
7f475402d000-7f475402e000 rw-p 0000b000 08:12 11300941                   /usr/lib/x86_64-linux-gnu/libXcursor.so.1.0.2
7f475402e000-7f4754030000 r--p 00000000 08:12 11298504                   /usr/lib/x86_64-linux-gnu/libXrender.so.1.3.0
7f4754030000-7f4754037000 r-xp 00002000 08:12 11298504                   /usr/lib/x86_64-linux-gnu/libXrender.so.1.3.0
7f4754037000-7f4754039000 r--p 00009000 08:12 11298504                   /usr/lib/x86_64-linux-gnu/libXrender.so.1.3.0
7f4754039000-7f475403a000 r--p 0000a000 08:12 11298504                   /usr/lib/x86_64-linux-gnu/libXrender.so.1.3.0
7f475403a000-7f475403b000 rw-p 0000b000 08:12 11298504                   /usr/lib/x86_64-linux-gnu/libXrender.so.1.3.0
7f475403b000-7f475403e000 r--p 00000000 08:12 11300954                   /usr/lib/x86_64-linux-gnu/libXi.so.6.1.0
7f475403e000-7f475404a000 r-xp 00003000 08:12 11300954                   /usr/lib/x86_64-linux-gnu/libXi.so.6.1.0
7f475404a000-7f475404d000 r--p 0000f000 08:12 11300954                   /usr/lib/x86_64-linux-gnu/libXi.so.6.1.0
7f475404d000-7f475404e000 r--p 00011000 08:12 11300954                   /usr/lib/x86_64-linux-gnu/libXi.so.6.1.0
7f475404e000-7f475404f000 rw-p 00012000 08:12 11300954                   /usr/lib/x86_64-linux-gnu/libXi.so.6.1.0
7f475404f000-7f475405b000 r--p 00000000 08:12 11295197                   /usr/lib/x86_64-linux-gnu/libxcb.so.1.1.0
7f475405b000-7f475406f000 r-xp 0000c000 08:12 11295197                   /usr/lib/x86_64-linux-gnu/libxcb.so.1.1.0
7f475406f000-7f4754078000 r--p 00020000 08:12 11295197                   /usr/lib/x86_64-linux-gnu/libxcb.so.1.1.0
7f4754078000-7f4754079000 r--p 00028000 08:12 11295197                   /usr/lib/x86_64-linux-gnu/libxcb.so.1.1.0
7f4754079000-7f475407a000 rw-p 00029000 08:12 11295197                   /usr/lib/x86_64-linux-gnu/libxcb.so.1.1.0
7f475407a000-7f47540af000 r-xp 00000000 00:29 1303                       /tmp/lwjgl_unit-grief/3.4.1+2/x64/liblwjgl.so
7f47540af000-7f47540f7000 r--p 00035000 00:29 1303                       /tmp/lwjgl_unit-grief/3.4.1+2/x64/liblwjgl.so
7f47540f7000-7f47540f8000 r--p 0007c000 00:29 1303                       /tmp/lwjgl_unit-grief/3.4.1+2/x64/liblwjgl.so
7f47540f8000-7f47540f9000 rw-p 0007d000 00:29 1303                       /tmp/lwjgl_unit-grief/3.4.1+2/x64/liblwjgl.so
7f47540f9000-7f47540fa000 ---p 00000000 00:00 0 
7f47540fa000-7f47540fe000 ---p 00000000 00:00 0 
7f47540fe000-7f47541fa000 rw-p 00000000 00:00 0 
7f47541fa000-7f47541fb000 ---p 00000000 00:00 0 
7f47541fb000-7f47541ff000 ---p 00000000 00:00 0 
7f47541ff000-7f47542fb000 rw-p 00000000 00:00 0 
7f47542fb000-7f47542fc000 ---p 00000000 00:00 0 
7f47542fc000-7f4754300000 ---p 00000000 00:00 0 
7f4754300000-7f47543fc000 rw-p 00000000 00:00 0 
7f47543fc000-7f47543fd000 ---p 00000000 00:00 0 
7f47543fd000-7f4754401000 ---p 00000000 00:00 0 
7f4754401000-7f47544fd000 rw-p 00000000 00:00 0 
7f47544fd000-7f47544fe000 ---p 00000000 00:00 0 
7f47544fe000-7f4754502000 ---p 00000000 00:00 0 
7f4754502000-7f47545fe000 rw-p 00000000 00:00 0 
7f47545fe000-7f47545ff000 ---p 00000000 00:00 0 
7f47545ff000-7f4754603000 ---p 00000000 00:00 0 
7f4754603000-7f47546ff000 rw-p 00000000 00:00 0 
7f47546ff000-7f4754700000 ---p 00000000 00:00 0 
7f4754700000-7f4754704000 ---p 00000000 00:00 0 
7f4754704000-7f4754800000 rw-p 00000000 00:00 0 
7f4754800000-7f4754a78000 r--p 00000000 08:12 11304624                   /usr/lib/locale/aa_DJ.utf8/LC_COLLATE
7f4754a79000-7f4754a7a000 r--p 00000000 08:12 11300960                   /usr/lib/x86_64-linux-gnu/libXinerama.so.1.0.0
7f4754a7a000-7f4754a7b000 r-xp 00001000 08:12 11300960                   /usr/lib/x86_64-linux-gnu/libXinerama.so.1.0.0
7f4754a7b000-7f4754a7c000 r--p 00002000 08:12 11300960                   /usr/lib/x86_64-linux-gnu/libXinerama.so.1.0.0
7f4754a7c000-7f4754a7d000 r--p 00002000 08:12 11300960                   /usr/lib/x86_64-linux-gnu/libXinerama.so.1.0.0
7f4754a7d000-7f4754a7e000 rw-p 00003000 08:12 11300960                   /usr/lib/x86_64-linux-gnu/libXinerama.so.1.0.0
7f4754a7e000-7f4754a80000 r--p 00000000 08:12 11300972                   /usr/lib/x86_64-linux-gnu/libXrandr.so.2.2.0
7f4754a80000-7f4754a87000 r-xp 00002000 08:12 11300972                   /usr/lib/x86_64-linux-gnu/libXrandr.so.2.2.0
7f4754a87000-7f4754a89000 r--p 00009000 08:12 11300972                   /usr/lib/x86_64-linux-gnu/libXrandr.so.2.2.0
7f4754a89000-7f4754a8a000 r--p 0000a000 08:12 11300972                   /usr/lib/x86_64-linux-gnu/libXrandr.so.2.2.0
7f4754a8a000-7f4754a8b000 rw-p 0000b000 08:12 11300972                   /usr/lib/x86_64-linux-gnu/libXrandr.so.2.2.0
7f4754a8b000-7f4754a8f000 r--p 00000000 08:12 11295470                   /usr/lib/x86_64-linux-gnu/libXext.so.6.4.0
7f4754a8f000-7f4754a9a000 r-xp 00004000 08:12 11295470                   /usr/lib/x86_64-linux-gnu/libXext.so.6.4.0
7f4754a9a000-7f4754a9e000 r--p 0000f000 08:12 11295470                   /usr/lib/x86_64-linux-gnu/libXext.so.6.4.0
7f4754a9e000-7f4754a9f000 r--p 00012000 08:12 11295470                   /usr/lib/x86_64-linux-gnu/libXext.so.6.4.0
7f4754a9f000-7f4754aa0000 rw-p 00013000 08:12 11295470                   /usr/lib/x86_64-linux-gnu/libXext.so.6.4.0
7f4754aa0000-7f4754aa5000 r--p 00000000 08:12 11687505                   /usr/lib/jvm/java-21-openjdk-amd64/lib/libjsvml.so
7f4754aa5000-7f4754ae6000 r-xp 00005000 08:12 11687505                   /usr/lib/jvm/java-21-openjdk-amd64/lib/libjsvml.so
7f4754ae6000-7f4754b6f000 r--p 00046000 08:12 11687505                   /usr/lib/jvm/java-21-openjdk-amd64/lib/libjsvml.so
7f4754b6f000-7f4754b70000 r--p 000ce000 08:12 11687505                   /usr/lib/jvm/java-21-openjdk-amd64/lib/libjsvml.so
7f4754b70000-7f4754b71000 rw-p 000cf000 08:12 11687505                   /usr/lib/jvm/java-21-openjdk-amd64/lib/libjsvml.so
7f4754b71000-7f4754b72000 ---p 00000000 00:00 0 
7f4754b72000-7f4754c72000 rw-p 00000000 00:00 0 
7f4754c72000-7f4754c73000 ---p 00000000 00:00 0 
7f4754c73000-7f4754d73000 rw-p 00000000 00:00 0 
7f4754d73000-7f4754df4000 rw-p 00000000 00:00 0 
7f4754df4000-7f4754df5000 ---p 00000000 00:00 0 
7f4754df5000-7f4754ef5000 rw-p 00000000 00:00 0 
7f4754ef5000-7f4754ef6000 ---p 00000000 00:00 0 
7f4754ef6000-7f4754ff6000 rw-p 00000000 00:00 0 
7f4754ff6000-7f4757de0000 rw-p 00000000 00:00 0 
7f4757de0000-7f475b7f8000 ---p 00000000 00:00 0 
7f475b7f8000-7f475b800000 rw-p 00000000 00:00 0 
7f475b804000-7f475b806000 r--p 00000000 08:12 11300934                   /usr/lib/x86_64-linux-gnu/libXfixes.so.3.1.0
7f475b806000-7f475b809000 r-xp 00002000 08:12 11300934                   /usr/lib/x86_64-linux-gnu/libXfixes.so.3.1.0
7f475b809000-7f475b80a000 r--p 00005000 08:12 11300934                   /usr/lib/x86_64-linux-gnu/libXfixes.so.3.1.0
7f475b80a000-7f475b80b000 r--p 00005000 08:12 11300934                   /usr/lib/x86_64-linux-gnu/libXfixes.so.3.1.0
7f475b80b000-7f475b80c000 rw-p 00006000 08:12 11300934                   /usr/lib/x86_64-linux-gnu/libXfixes.so.3.1.0
7f475b825000-7f475b826000 rw-s 12217d000 00:06 360                       /dev/dri/renderD128
7f475b826000-7f475b880000 r--p 00000000 08:12 11304625                   /usr/lib/locale/aa_DJ.utf8/LC_CTYPE
7f475b880000-7f475b8fc000 rw-p 00000000 00:00 0 
7f475b8fc000-7f475c03f000 ---p 00000000 00:00 0 
7f475c03f000-7f475c0bc000 rw-p 00000000 00:00 0 
7f475c0bc000-7f475c7ff000 ---p 00000000 00:00 0 
7f475c7ff000-7f475c800000 rw-p 00000000 00:00 0 
7f475c800000-7f475ca70000 rwxp 00000000 00:00 0 
7f475ca70000-7f4763d37000 ---p 00000000 00:00 0 
7f4763d37000-7f4763fa7000 rwxp 00000000 00:00 0 
7f4763fa7000-7f47642c9000 ---p 00000000 00:00 0 
7f47642c9000-7f4764539000 rwxp 00000000 00:00 0 
7f4764539000-7f476b800000 ---p 00000000 00:00 0 
7f476b800000-7f4773e51000 r--s 00000000 08:12 11687521                   /usr/lib/jvm/java-21-openjdk-amd64/lib/modules
7f4773e51000-7f4773e52000 rw-s 00000000 00:01 4198                       /memfd:xshmfence (deleted)
7f4773e52000-7f4773e53000 rw-s 1230ff000 00:06 360                       /dev/dri/renderD128
7f4773e53000-7f4773e54000 rw-s 00000000 00:01 8291                       /memfd:xshmfence (deleted)
7f4773e54000-7f4773e55000 r--p 00000000 08:12 11313726                   /usr/lib/x86_64-linux-gnu/libXxf86vm.so.1.0.0
7f4773e55000-7f4773e58000 r-xp 00001000 08:12 11313726                   /usr/lib/x86_64-linux-gnu/libXxf86vm.so.1.0.0
7f4773e58000-7f4773e59000 r--p 00004000 08:12 11313726                   /usr/lib/x86_64-linux-gnu/libXxf86vm.so.1.0.0
7f4773e59000-7f4773e5a000 r--p 00004000 08:12 11313726                   /usr/lib/x86_64-linux-gnu/libXxf86vm.so.1.0.0
7f4773e5a000-7f4773e5b000 rw-p 00005000 08:12 11313726                   /usr/lib/x86_64-linux-gnu/libXxf86vm.so.1.0.0
7f4773e5b000-7f4773e5d000 r--p 00000000 08:12 11295191                   /usr/lib/x86_64-linux-gnu/libXdmcp.so.6.0.0
7f4773e5d000-7f4773e5f000 r-xp 00002000 08:12 11295191                   /usr/lib/x86_64-linux-gnu/libXdmcp.so.6.0.0
7f4773e5f000-7f4773e61000 r--p 00004000 08:12 11295191                   /usr/lib/x86_64-linux-gnu/libXdmcp.so.6.0.0
7f4773e61000-7f4773e62000 r--p 00005000 08:12 11295191                   /usr/lib/x86_64-linux-gnu/libXdmcp.so.6.0.0
7f4773e62000-7f4773e63000 rw-p 00006000 08:12 11295191                   /usr/lib/x86_64-linux-gnu/libXdmcp.so.6.0.0
7f4773e63000-7f4773eff000 rw-p 00000000 00:00 0 
7f4773eff000-7f4773f00000 ---p 00000000 00:00 0 
7f4773f00000-7f4774000000 rw-p 00000000 00:00 0 
7f4774000000-7f477485c000 rw-p 00000000 00:00 0 
7f477485c000-7f4778000000 ---p 00000000 00:00 0 
7f4778000000-7f4778001000 r--p 00000000 08:12 11295185                   /usr/lib/x86_64-linux-gnu/libXau.so.6.0.0
7f4778001000-7f4778002000 r-xp 00001000 08:12 11295185                   /usr/lib/x86_64-linux-gnu/libXau.so.6.0.0
7f4778002000-7f4778003000 r--p 00002000 08:12 11295185                   /usr/lib/x86_64-linux-gnu/libXau.so.6.0.0
7f4778003000-7f4778004000 r--p 00002000 08:12 11295185                   /usr/lib/x86_64-linux-gnu/libXau.so.6.0.0
7f4778004000-7f4778005000 rw-p 00003000 08:12 11295185                   /usr/lib/x86_64-linux-gnu/libXau.so.6.0.0
7f4778005000-7f4778006000 r--p 00000000 08:12 11275085                   /usr/lib/x86_64-linux-gnu/librt.so.1
7f4778006000-7f4778007000 r-xp 00001000 08:12 11275085                   /usr/lib/x86_64-linux-gnu/librt.so.1
7f4778007000-7f4778008000 r--p 00002000 08:12 11275085                   /usr/lib/x86_64-linux-gnu/librt.so.1
7f4778008000-7f4778009000 r--p 00002000 08:12 11275085                   /usr/lib/x86_64-linux-gnu/librt.so.1
7f4778009000-7f477800a000 rw-p 00003000 08:12 11275085                   /usr/lib/x86_64-linux-gnu/librt.so.1
7f477800a000-7f477800b000 r--p 00000000 08:12 11275083                   /usr/lib/x86_64-linux-gnu/libpthread.so.0
7f477800b000-7f477800c000 r-xp 00001000 08:12 11275083                   /usr/lib/x86_64-linux-gnu/libpthread.so.0
7f477800c000-7f477800d000 r--p 00002000 08:12 11275083                   /usr/lib/x86_64-linux-gnu/libpthread.so.0
7f477800d000-7f477800e000 r--p 00002000 08:12 11275083                   /usr/lib/x86_64-linux-gnu/libpthread.so.0
7f477800e000-7f477800f000 rw-p 00003000 08:12 11275083                   /usr/lib/x86_64-linux-gnu/libpthread.so.0
7f477800f000-7f4778010000 r--p 00000000 08:12 11275073                   /usr/lib/x86_64-linux-gnu/libdl.so.2
7f4778010000-7f4778011000 r-xp 00001000 08:12 11275073                   /usr/lib/x86_64-linux-gnu/libdl.so.2
7f4778011000-7f4778012000 r--p 00002000 08:12 11275073                   /usr/lib/x86_64-linux-gnu/libdl.so.2
7f4778012000-7f4778013000 r--p 00002000 08:12 11275073                   /usr/lib/x86_64-linux-gnu/libdl.so.2
7f4778013000-7f4778014000 rw-p 00003000 08:12 11275073                   /usr/lib/x86_64-linux-gnu/libdl.so.2
7f4778014000-7f4778016000 r--p 00000000 08:12 11687520                   /usr/lib/jvm/java-21-openjdk-amd64/lib/libzip.so
7f4778016000-7f477801a000 r-xp 00002000 08:12 11687520                   /usr/lib/jvm/java-21-openjdk-amd64/lib/libzip.so
7f477801a000-7f477801c000 r--p 00006000 08:12 11687520                   /usr/lib/jvm/java-21-openjdk-amd64/lib/libzip.so
7f477801c000-7f477801d000 r--p 00007000 08:12 11687520                   /usr/lib/jvm/java-21-openjdk-amd64/lib/libzip.so
7f477801d000-7f477801e000 rw-p 00008000 08:12 11687520                   /usr/lib/jvm/java-21-openjdk-amd64/lib/libzip.so
7f477801e000-7f477801f000 ---p 00000000 00:00 0 
7f477801f000-7f477811f000 rw-p 00000000 00:00 0 
7f477811f000-7f4778120000 ---p 00000000 00:00 0 
7f4778120000-7f4778220000 rw-p 00000000 00:00 0 
7f4778220000-7f4778c2f000 rw-p 00000000 00:00 0 
7f4778c2f000-7f4778d15000 ---p 00000000 00:00 0 
7f4778d15000-7f4778d1a000 rw-p 00000000 00:00 0 
7f4778d1a000-7f4778e00000 ---p 00000000 00:00 0 
7f4778e00000-7f4778e9d000 r--p 00000000 08:12 11272560                   /usr/lib/x86_64-linux-gnu/libstdc++.so.6.0.33
7f4778e9d000-7f4778fc6000 r-xp 0009d000 08:12 11272560                   /usr/lib/x86_64-linux-gnu/libstdc++.so.6.0.33
7f4778fc6000-7f4779054000 r--p 001c6000 08:12 11272560                   /usr/lib/x86_64-linux-gnu/libstdc++.so.6.0.33
7f4779054000-7f477905f000 r--p 00254000 08:12 11272560                   /usr/lib/x86_64-linux-gnu/libstdc++.so.6.0.33
7f477905f000-7f4779062000 rw-p 0025f000 08:12 11272560                   /usr/lib/x86_64-linux-gnu/libstdc++.so.6.0.33
7f4779062000-7f4779066000 rw-p 00000000 00:00 0 
7f4779066000-7f4779067000 rw-s 14eec2000 00:06 360                       /dev/dri/renderD128
7f4779067000-7f4779068000 rw-s 14eec1000 00:06 360                       /dev/dri/renderD128
7f4779068000-7f4779069000 rw-s 14e7bb000 00:06 360                       /dev/dri/renderD128
7f4779069000-7f477906a000 rw-s 14e7ba000 00:06 360                       /dev/dri/renderD128
7f477906a000-7f4779071000 r--p 00000000 08:12 11687513                   /usr/lib/jvm/java-21-openjdk-amd64/lib/libnio.so
7f4779071000-7f477907a000 r-xp 00007000 08:12 11687513                   /usr/lib/jvm/java-21-openjdk-amd64/lib/libnio.so
7f477907a000-7f477907e000 r--p 00010000 08:12 11687513                   /usr/lib/jvm/java-21-openjdk-amd64/lib/libnio.so
7f477907e000-7f477907f000 r--p 00014000 08:12 11687513                   /usr/lib/jvm/java-21-openjdk-amd64/lib/libnio.so
7f477907f000-7f4779080000 rw-p 00015000 08:12 11687513                   /usr/lib/jvm/java-21-openjdk-amd64/lib/libnio.so
7f4779080000-7f4779100000 rw-p 00000000 00:00 0 
7f4779100000-7f4779104000 ---p 00000000 00:00 0 
7f4779104000-7f4779200000 rw-p 00000000 00:00 0 
7f4779200000-7f47794a9000 r--p 00000000 08:12 11687527                   /usr/lib/jvm/java-21-openjdk-amd64/lib/server/libjvm.so
7f47794a9000-7f477a376000 r-xp 002a9000 08:12 11687527                   /usr/lib/jvm/java-21-openjdk-amd64/lib/server/libjvm.so
7f477a376000-7f477a64f000 r--p 01176000 08:12 11687527                   /usr/lib/jvm/java-21-openjdk-amd64/lib/server/libjvm.so
7f477a64f000-7f477a725000 r--p 0144f000 08:12 11687527                   /usr/lib/jvm/java-21-openjdk-amd64/lib/server/libjvm.so
7f477a725000-7f477a755000 rw-p 01525000 08:12 11687527                   /usr/lib/jvm/java-21-openjdk-amd64/lib/server/libjvm.so
7f477a755000-7f477a7bc000 rw-p 00000000 00:00 0 
7f477a7bc000-7f477a7bd000 rw-p 00000000 00:00 0 
7f477a7bd000-7f477a7bf000 r--p 00000000 08:12 11687512                   /usr/lib/jvm/java-21-openjdk-amd64/lib/libnet.so
7f477a7bf000-7f477a7c6000 r-xp 00002000 08:12 11687512                   /usr/lib/jvm/java-21-openjdk-amd64/lib/libnet.so
7f477a7c6000-7f477a7c8000 r--p 00009000 08:12 11687512                   /usr/lib/jvm/java-21-openjdk-amd64/lib/libnet.so
7f477a7c8000-7f477a7c9000 r--p 0000a000 08:12 11687512                   /usr/lib/jvm/java-21-openjdk-amd64/lib/libnet.so
7f477a7c9000-7f477a7ca000 rw-p 0000b000 08:12 11687512                   /usr/lib/jvm/java-21-openjdk-amd64/lib/libnet.so
7f477a7ca000-7f477a7cb000 r--p 00000000 08:12 11305174                   /usr/lib/locale/br_FR.utf8/LC_NUMERIC
7f477a7cb000-7f477a7cc000 r--p 00000000 08:12 11405156                   /usr/lib/locale/ru_RU.utf8/LC_TIME
7f477a7cc000-7f477a7cd000 r--p 00000000 08:12 11305322                   /usr/lib/locale/crh_RU/LC_MONETARY
7f477a7cd000-7f477a7d4000 r--s 00000000 08:12 11275058                   /usr/lib/x86_64-linux-gnu/gconv/gconv-modules.cache
7f477a7d4000-7f477a7d9000 rw-p 00000000 00:00 0 
7f477a7d9000-7f477a7e0000 ---p 00000000 00:00 0 
7f477a7e0000-7f477a7ed000 r--p 00000000 08:12 11687498                   /usr/lib/jvm/java-21-openjdk-amd64/lib/libjava.so
7f477a7ed000-7f477a7fb000 r-xp 0000d000 08:12 11687498                   /usr/lib/jvm/java-21-openjdk-amd64/lib/libjava.so
7f477a7fb000-7f477a800000 r--p 0001b000 08:12 11687498                   /usr/lib/jvm/java-21-openjdk-amd64/lib/libjava.so
7f477a800000-7f477a801000 r--p 00020000 08:12 11687498                   /usr/lib/jvm/java-21-openjdk-amd64/lib/libjava.so
7f477a801000-7f477a802000 rw-p 00021000 08:12 11687498                   /usr/lib/jvm/java-21-openjdk-amd64/lib/libjava.so
7f477a802000-7f477a803000 rw-p 00000000 00:00 0 
7f477a803000-7f477a807000 r--p 00000000 08:12 11272197                   /usr/lib/x86_64-linux-gnu/libgcc_s.so.1
7f477a807000-7f477a82a000 r-xp 00004000 08:12 11272197                   /usr/lib/x86_64-linux-gnu/libgcc_s.so.1
7f477a82a000-7f477a82e000 r--p 00027000 08:12 11272197                   /usr/lib/x86_64-linux-gnu/libgcc_s.so.1
7f477a82e000-7f477a82f000 r--p 0002b000 08:12 11272197                   /usr/lib/x86_64-linux-gnu/libgcc_s.so.1
7f477a82f000-7f477a830000 rw-p 0002c000 08:12 11272197                   /usr/lib/x86_64-linux-gnu/libgcc_s.so.1
7f477a830000-7f477a841000 r--p 00000000 08:12 11275074                   /usr/lib/x86_64-linux-gnu/libm.so.6
7f477a841000-7f477a8be000 r-xp 00011000 08:12 11275074                   /usr/lib/x86_64-linux-gnu/libm.so.6
7f477a8be000-7f477a91e000 r--p 0008e000 08:12 11275074                   /usr/lib/x86_64-linux-gnu/libm.so.6
7f477a91e000-7f477a91f000 r--p 000ed000 08:12 11275074                   /usr/lib/x86_64-linux-gnu/libm.so.6
7f477a91f000-7f477a920000 rw-p 000ee000 08:12 11275074                   /usr/lib/x86_64-linux-gnu/libm.so.6
7f477a920000-7f477a922000 rw-p 00000000 00:00 0 
7f477a922000-7f477a94a000 r--p 00000000 08:12 11275071                   /usr/lib/x86_64-linux-gnu/libc.so.6
7f477a94a000-7f477aaad000 r-xp 00028000 08:12 11275071                   /usr/lib/x86_64-linux-gnu/libc.so.6
7f477aaad000-7f477ab03000 r--p 0018b000 08:12 11275071                   /usr/lib/x86_64-linux-gnu/libc.so.6
7f477ab03000-7f477ab07000 r--p 001e0000 08:12 11275071                   /usr/lib/x86_64-linux-gnu/libc.so.6
7f477ab07000-7f477ab09000 rw-p 001e4000 08:12 11275071                   /usr/lib/x86_64-linux-gnu/libc.so.6
7f477ab09000-7f477ab16000 rw-p 00000000 00:00 0 
7f477ab16000-7f477ab18000 r--p 00000000 08:12 11687502                   /usr/lib/jvm/java-21-openjdk-amd64/lib/libjli.so
7f477ab18000-7f477ab22000 r-xp 00002000 08:12 11687502                   /usr/lib/jvm/java-21-openjdk-amd64/lib/libjli.so
7f477ab22000-7f477ab25000 r--p 0000c000 08:12 11687502                   /usr/lib/jvm/java-21-openjdk-amd64/lib/libjli.so
7f477ab25000-7f477ab26000 r--p 0000f000 08:12 11687502                   /usr/lib/jvm/java-21-openjdk-amd64/lib/libjli.so
7f477ab26000-7f477ab27000 rw-p 00010000 08:12 11687502                   /usr/lib/jvm/java-21-openjdk-amd64/lib/libjli.so
7f477ab27000-7f477ab2a000 r--p 00000000 08:12 11274472                   /usr/lib/x86_64-linux-gnu/libz.so.1.3.1
7f477ab2a000-7f477ab3e000 r-xp 00003000 08:12 11274472                   /usr/lib/x86_64-linux-gnu/libz.so.1.3.1
7f477ab3e000-7f477ab45000 r--p 00017000 08:12 11274472                   /usr/lib/x86_64-linux-gnu/libz.so.1.3.1
7f477ab45000-7f477ab46000 r--p 0001d000 08:12 11274472                   /usr/lib/x86_64-linux-gnu/libz.so.1.3.1
7f477ab46000-7f477ab47000 rw-p 0001e000 08:12 11274472                   /usr/lib/x86_64-linux-gnu/libz.so.1.3.1
7f477ab47000-7f477ab48000 r--p 00000000 08:12 11405155                   /usr/lib/locale/ru_RU.utf8/LC_MESSAGES/SYS_LC_MESSAGES
7f477ab48000-7f477ab49000 r--p 00000000 08:12 11304633                   /usr/lib/locale/aa_DJ.utf8/LC_PAPER
7f477ab49000-7f477ab4a000 r--p 00000000 08:12 11304677                   /usr/lib/locale/agr_PE/LC_NAME
7f477ab4a000-7f477ab4b000 r--p 00000000 08:12 11405152                   /usr/lib/locale/ru_RU.utf8/LC_ADDRESS
7f477ab4b000-7f477ab4c000 r--p 00000000 08:12 11305282                   /usr/lib/locale/ce_RU/LC_TELEPHONE
7f477ab4c000-7f477ab4d000 r--p 00000000 08:12 11304627                   /usr/lib/locale/aa_DJ.utf8/LC_MEASUREMENT
7f477ab4d000-7f477ab4e000 r--p 00000000 08:12 11405153                   /usr/lib/locale/ru_RU.utf8/LC_IDENTIFICATION
7f477ab4e000-7f477ab56000 rw-s 00000000 00:29 1500                       /tmp/hsperfdata_unit-grief/13763
7f477ab56000-7f477ab57000 ---p 00000000 00:00 0 
7f477ab57000-7f477ab58000 r--p 00000000 00:00 0 
7f477ab58000-7f477ab59000 ---p 00000000 00:00 0 
7f477ab59000-7f477ab5b000 r--p 00000000 08:12 11687501                   /usr/lib/jvm/java-21-openjdk-amd64/lib/libjimage.so
7f477ab5b000-7f477ab5e000 r-xp 00002000 08:12 11687501                   /usr/lib/jvm/java-21-openjdk-amd64/lib/libjimage.so
7f477ab5e000-7f477ab5f000 r--p 00005000 08:12 11687501                   /usr/lib/jvm/java-21-openjdk-amd64/lib/libjimage.so
7f477ab5f000-7f477ab60000 r--p 00006000 08:12 11687501                   /usr/lib/jvm/java-21-openjdk-amd64/lib/libjimage.so
7f477ab60000-7f477ab61000 rw-p 00007000 08:12 11687501                   /usr/lib/jvm/java-21-openjdk-amd64/lib/libjimage.so
7f477ab61000-7f477ab63000 rw-p 00000000 00:00 0 
7f477ab63000-7f477ab67000 r--p 00000000 00:00 0                          [vvar]
7f477ab67000-7f477ab69000 r-xp 00000000 00:00 0                          [vdso]
7f477ab69000-7f477ab6a000 r--p 00000000 08:12 11275066                   /usr/lib/x86_64-linux-gnu/ld-linux-x86-64.so.2
7f477ab6a000-7f477ab92000 r-xp 00001000 08:12 11275066                   /usr/lib/x86_64-linux-gnu/ld-linux-x86-64.so.2
7f477ab92000-7f477ab9d000 r--p 00029000 08:12 11275066                   /usr/lib/x86_64-linux-gnu/ld-linux-x86-64.so.2
7f477ab9d000-7f477ab9f000 r--p 00034000 08:12 11275066                   /usr/lib/x86_64-linux-gnu/ld-linux-x86-64.so.2
7f477ab9f000-7f477aba0000 rw-p 00036000 08:12 11275066                   /usr/lib/x86_64-linux-gnu/ld-linux-x86-64.so.2
7f477aba0000-7f477aba1000 rw-p 00000000 00:00 0 
7ffdfcadf000-7ffdfcb01000 rw-p 00000000 00:00 0                          [stack]
Total number of mappings: 632

JVMTI agents: none


VM Arguments:
jvm_args: -XX:+ShowCodeDetailsInExceptionMessages 
java_command: org.nyawka_engine.core.Example
java_class_path (initial): /media/unit-grief/ACA80C04A80BCC30/java/nyawka_engine/target/classes:/home/unit-grief/.m2/repository/org/lwjgl/lwjgl/3.4.1/lwjgl-3.4.1.jar:/home/unit-grief/.m2/repository/org/lwjgl/lwjgl-opengl/3.4.1/lwjgl-opengl-3.4.1.jar:/home/unit-grief/.m2/repository/org/lwjgl/lwjgl-glfw/3.4.1/lwjgl-glfw-3.4.1.jar:/home/unit-grief/.m2/repository/org/lwjgl/lwjgl-stb/3.4.1/lwjgl-stb-3.4.1.jar:/home/unit-grief/.m2/repository/org/lwjgl/lwjgl/3.4.1/lwjgl-3.4.1-natives-linux.jar:/home/unit-grief/.m2/repository/org/lwjgl/lwjgl-opengl/3.4.1/lwjgl-opengl-3.4.1-natives-linux.jar:/home/unit-grief/.m2/repository/org/lwjgl/lwjgl-glfw/3.4.1/lwjgl-glfw-3.4.1-natives-linux.jar:/home/unit-grief/.m2/repository/org/lwjgl/lwjgl-stb/3.4.1/lwjgl-stb-3.4.1-natives-linux.jar
Launcher Type: SUN_STANDARD

[Global flags]
     intx CICompilerCount                          = 4                                         {product} {ergonomic}
     uint ConcGCThreads                            = 3                                         {product} {ergonomic}
     uint G1ConcRefinementThreads                  = 10                                        {product} {ergonomic}
   size_t G1HeapRegionSize                         = 2097152                                   {product} {ergonomic}
    uintx GCDrainStackTargetSize                   = 64                                        {product} {ergonomic}
   size_t InitialHeapSize                          = 260046848                                 {product} {ergonomic}
   size_t MarkStackSize                            = 4194304                                   {product} {ergonomic}
   size_t MaxHeapSize                              = 4160749568                                {product} {ergonomic}
   size_t MaxNewSize                               = 2495610880                                {product} {ergonomic}
   size_t MinHeapDeltaBytes                        = 2097152                                   {product} {ergonomic}
   size_t MinHeapSize                              = 8388608                                   {product} {ergonomic}
    uintx NonNMethodCodeHeapSize                   = 5839372                                {pd product} {ergonomic}
    uintx NonProfiledCodeHeapSize                  = 122909434                              {pd product} {ergonomic}
    uintx ProfiledCodeHeapSize                     = 122909434                              {pd product} {ergonomic}
    uintx ReservedCodeCacheSize                    = 251658240                              {pd product} {ergonomic}
     bool SegmentedCodeCache                       = true                                      {product} {ergonomic}
     bool ShowCodeDetailsInExceptionMessages       = true                                   {manageable} {command line}
   size_t SoftMaxHeapSize                          = 4160749568                             {manageable} {ergonomic}
     bool UseCompressedOops                        = true                           {product lp64_product} {ergonomic}
     bool UseG1GC                                  = true                                      {product} {ergonomic}

Logging:
Log output configuration:
 #0: stdout all=warning uptime,level,tags foldmultilines=false
 #1: stderr all=off uptime,level,tags foldmultilines=false

Release file:
IMPLEMENTOR="Debian"
JAVA_RUNTIME_VERSION="21.0.11+10-1-deb13u2-Debian"
JAVA_VERSION="21.0.11"
JAVA_VERSION_DATE="2026-04-21"
LIBC="gnu"
MODULES="java.base java.compiler java.datatransfer java.xml java.prefs java.desktop java.instrument java.logging java.management java.security.sasl java.naming java.rmi java.management.rmi java.net.http java.scripting java.security.jgss java.transaction.xa java.sql java.sql.rowset java.xml.crypto java.se java.smartcardio jdk.accessibility jdk.internal.jvmstat jdk.attach jdk.charsets jdk.internal.opt jdk.zipfs jdk.compiler jdk.crypto.ec jdk.crypto.cryptoki jdk.dynalink jdk.internal.ed jdk.editpad jdk.hotspot.agent jdk.httpserver jdk.incubator.vector jdk.internal.le jdk.internal.vm.ci jdk.internal.vm.compiler jdk.internal.vm.compiler.management jdk.jartool jdk.javadoc jdk.jcmd jdk.management jdk.management.agent jdk.jconsole jdk.jdeps jdk.jdwp.agent jdk.jdi jdk.jfr jdk.jlink jdk.jpackage jdk.jshell jdk.jsobject jdk.jstatd jdk.localedata jdk.management.jfr jdk.naming.dns jdk.naming.rmi jdk.net jdk.nio.mapmode jdk.random jdk.sctp jdk.security.auth jdk.security.jgss jdk.unsupported jdk.unsupported.desktop jdk.xml.dom"
OS_ARCH="x86_64"
OS_NAME="Linux"
SOURCE=""

Environment Variables:
PATH=/home/unit-grief/.opencode/bin:/home/unit-grief/.config/Code/User/globalStorage/github.copilot-chat/debugCommand:/home/unit-grief/.config/Code/User/globalStorage/github.copilot-chat/copilotCli:/home/unit-grief/.opencode/bin:/usr/local/bin:/usr/bin:/bin:/usr/local/games:/usr/games:/home/unit-grief/.vscode/extensions/vscjava.vscode-java-debug-0.59.0/bundled/scripts/noConfigScripts
USERNAME=unit-grief
SHELL=/bin/bash
DISPLAY=:0
LANG=ru_RU.UTF-8
TERM=xterm-256color

Active Locale:
LC_ALL=ru_RU.UTF-8
LC_COLLATE=ru_RU.UTF-8
LC_CTYPE=ru_RU.UTF-8
LC_MESSAGES=ru_RU.UTF-8
LC_MONETARY=ru_RU.UTF-8
LC_NUMERIC=ru_RU.UTF-8
LC_TIME=ru_RU.UTF-8

Signal Handlers:
   SIGSEGV: crash_handler in libjvm.so, mask=11100100010111111101111111111110, flags=SA_RESTART|SA_SIGINFO, unblocked
    SIGBUS: crash_handler in libjvm.so, mask=11100100010111111101111111111110, flags=SA_RESTART|SA_SIGINFO, unblocked
    SIGFPE: crash_handler in libjvm.so, mask=11100100010111111101111111111110, flags=SA_RESTART|SA_SIGINFO, unblocked
   SIGPIPE: javaSignalHandler in libjvm.so, mask=11100100010111111101111111111110, flags=SA_RESTART|SA_SIGINFO, blocked
   SIGXFSZ: javaSignalHandler in libjvm.so, mask=11100100010111111101111111111110, flags=SA_RESTART|SA_SIGINFO, blocked
    SIGILL: crash_handler in libjvm.so, mask=11100100010111111101111111111110, flags=SA_RESTART|SA_SIGINFO, unblocked
   SIGUSR2: SR_handler in libjvm.so, mask=00000000000000000000000000000000, flags=SA_RESTART|SA_SIGINFO, blocked
    SIGHUP: UserHandler in libjvm.so, mask=11100100010111111101111111111110, flags=SA_RESTART|SA_SIGINFO, blocked
    SIGINT: UserHandler in libjvm.so, mask=11100100010111111101111111111110, flags=SA_RESTART|SA_SIGINFO, blocked
   SIGTERM: UserHandler in libjvm.so, mask=11100100010111111101111111111110, flags=SA_RESTART|SA_SIGINFO, blocked
   SIGQUIT: UserHandler in libjvm.so, mask=11100100010111111101111111111110, flags=SA_RESTART|SA_SIGINFO, blocked
   SIGTRAP: crash_handler in libjvm.so, mask=11100100010111111101111111111110, flags=SA_RESTART|SA_SIGINFO, unblocked


Periodic native trim disabled

---------------  S Y S T E M  ---------------

OS:
PRETTY_NAME="Debian GNU/Linux 13 (trixie)"
NAME="Debian GNU/Linux"
VERSION_ID="13"
VERSION="13 (trixie)"
VERSION_CODENAME=trixie
DEBIAN_VERSION_FULL=13.6
ID=debian
HOME_URL="https://www.debian.org/"
SUPPORT_URL="https://www.debian.org/support"
BUG_REPORT_URL="https://bugs.debian.org/"
uname: Linux 6.12.96+deb13-amd64 #1 SMP PREEMPT_DYNAMIC Debian 6.12.96-1 (2026-07-20) x86_64
OS uptime: 0 days 2:45 hours
libc: glibc 2.41 NPTL 2.41 
rlimit (soft/hard): STACK 8192k/infinity , CORE 0k/infinity , NPROC 62605/62605 , NOFILE 524288/524288 , AS infinity/infinity , CPU infinity/infinity , DATA infinity/infinity , FSIZE infinity/infinity , MEMLOCK 8192k/8192k
load average: 1,18 0,88 1,28

/proc/meminfo:
MemTotal:       16249508 kB
MemFree:          784312 kB
MemAvailable:    9828084 kB
Buffers:          141572 kB
Cached:          9240796 kB
SwapCached:           16 kB
Active:          7791968 kB
Inactive:        6650856 kB
Active(anon):    5247952 kB
Inactive(anon):     9744 kB
Active(file):    2544016 kB
Inactive(file):  6641112 kB
Unevictable:        5948 kB
Mlocked:            5948 kB
SwapTotal:      16645116 kB
SwapFree:       16644348 kB
Zswap:                 0 kB
Zswapped:              0 kB
Dirty:               584 kB
Writeback:            12 kB
AnonPages:       5011780 kB
Mapped:          1399224 kB
Shmem:            192240 kB
KReclaimable:     196476 kB
Slab:             368144 kB
SReclaimable:     196476 kB
SUnreclaim:       171668 kB
KernelStack:       27444 kB
PageTables:        61804 kB
SecPageTables:         0 kB
NFS_Unstable:          0 kB
Bounce:                0 kB
WritebackTmp:          0 kB
CommitLimit:    24769868 kB
Committed_AS:   21689924 kB
VmallocTotal:   34359738367 kB
VmallocUsed:       79568 kB
VmallocChunk:          0 kB
Percpu:             7776 kB
HardwareCorrupted:     0 kB
AnonHugePages:   1769472 kB
ShmemHugePages:        0 kB
ShmemPmdMapped:        0 kB
FileHugePages:         0 kB
FilePmdMapped:         0 kB
Unaccepted:            0 kB
HugePages_Total:       0
HugePages_Free:        0
HugePages_Rsvd:        0
HugePages_Surp:        0
Hugepagesize:       2048 kB
Hugetlb:               0 kB
DirectMap4k:      747316 kB
DirectMap2M:    14850048 kB
DirectMap1G:     1048576 kB

/sys/kernel/mm/transparent_hugepage/enabled: [always] madvise never
/sys/kernel/mm/transparent_hugepage/hpage_pmd_size: 2097152
/sys/kernel/mm/transparent_hugepage/defrag (defrag/compaction efforts parameter): always defer defer+madvise [madvise] never

Process Memory:
Virtual Size: 9438368K (peak: 9500948K)
Resident Set Size: 165736K (peak: 165736K) (anon: 83596K, file: 81000K, shmem: 1140K)
Swapped out: 0K
C-Heap outstanding allocations: 48056K, retained: 6359K
glibc malloc tunables: (default)

/proc/sys/kernel/threads-max (system-wide limit on the number of threads): 125210
/proc/sys/vm/max_map_count (maximum number of memory map areas a process may have): 1048576
/proc/sys/vm/swappiness (control to define how aggressively the kernel swaps out anonymous memory): 60
/proc/sys/kernel/pid_max (system-wide limit on number of process identifiers): 4194304

container information not found.
Steal ticks since vm start: 0
Steal ticks percentage since vm start:  0,000

CPU: total 12 (initial active 12) (12 cores per cpu, 2 threads per core) family 25 model 80 stepping 0 microcode 0xa500011, cx8, cmov, fxsr, ht, mmx, 3dnowpref, sse, sse2, sse3, ssse3, sse4a, sse4.1, sse4.2, popcnt, lzcnt, tsc, tscinvbit, avx, avx2, aes, erms, clmul, bmi1, bmi2, adx, sha, fma, vzeroupper, clflush, clflushopt, rdtscp, rdpid, fsrm, f16c, pku, ospke, cet_ss
CPU Model and flags from /proc/cpuinfo:
model name	: AMD Ryzen 5 5500
flags		: fpu vme de pse tsc msr pae mce cx8 apic sep mtrr pge mca cmov pat pse36 clflush mmx fxsr sse sse2 ht syscall nx mmxext fxsr_opt pdpe1gb rdtscp lm constant_tsc rep_good nopl xtopology nonstop_tsc cpuid extd_apicid aperfmperf rapl pni pclmulqdq monitor ssse3 fma cx16 sse4_1 sse4_2 x2apic movbe popcnt aes xsave avx f16c rdrand lahf_lm cmp_legacy svm extapic cr8_legacy abm sse4a misalignsse 3dnowprefetch osvw ibs skinit wdt tce topoext perfctr_core perfctr_nb bpext perfctr_llc mwaitx cpb cat_l3 cdp_l3 hw_pstate ssbd mba ibrs ibpb stibp vmmcall fsgsbase bmi1 avx2 smep bmi2 erms invpcid cqm rdt_a rdseed adx smap clflushopt clwb sha_ni xsaveopt xsavec xgetbv1 xsaves cqm_llc cqm_occup_llc cqm_mbm_total cqm_mbm_local user_shstk clzero irperf xsaveerptr rdpru wbnoinvd cppc arat npt lbrv svm_lock nrip_save tsc_scale vmcb_clean flushbyasid decodeassists pausefilter pfthreshold avic v_vmsave_vmload vgif v_spec_ctrl umip pku ospke vaes vpclmulqdq rdpid overflow_recov succor smca fsrm debug_swap

Online cpus: 0-11
Offline cpus: 
BIOS frequency limitation: <Not Available>
Frequency switch latency (ns): 0
Available cpu frequencies: <Not Available>
Current governor: performance
Core performance/turbo boost: 1

Memory: 4k page, physical 16249508k(9828084k free), swap 16645116k(16644348k free)
Page Sizes: 4k

vm_info: OpenJDK 64-Bit Server VM (21.0.11+10-1-deb13u2-Debian) for linux-amd64 JRE (21.0.11+10-1-deb13u2-Debian), built on 2026-04-26T12:23:41Z by "sbuild" with gcc 14.2.0

END.
